id,sku,productGroupId,createdBy,updatedBy,createdAt,updatedAt
87,M64220-D.Brown,69,5,,Tue May 27 2025 11:14:30 GMT+0700 (Western Indonesia Time),Tue May 27 2025 11:14:30 GMT+0700 (Western Indonesia Time)
88,M64602-Black,11,5,,Tue May 27 2025 11:14:54 GMT+0700 (Western Indonesia Time),Tue May 27 2025 11:14:54 GMT+0700 (Western Indonesia Time)
4,A11888-Tan,4,5,,Mon May 26 2025 15:32:20 GMT+0700 (Western Indonesia Time),Mon May 26 2025 15:32:20 GMT+0700 (Western Indonesia Time)
89,A64602-Tan,11,5,,Tue May 27 2025 11:15:12 GMT+0700 (Western Indonesia Time),Tue May 27 2025 11:15:12 GMT+0700 (Western Indonesia Time)
2,M11502-Black,5,5,,Mon May 26 2025 14:33:32 GMT+0700 (Western Indonesia Time),Mon May 26 2025 15:34:06 GMT+0700 (Western Indonesia Time)
7,BN22201-D.Brown,8,5,,Mon May 26 2025 15:50:35 GMT+0700 (Western Indonesia Time),Mon May 26 2025 15:50:35 GMT+0700 (Western Indonesia Time)
8,B02701-Black,9,5,,Mon May 26 2025 16:23:37 GMT+0700 (Western Indonesia Time),Mon May 26 2025 16:23:37 GMT+0700 (Western Indonesia Time)
91,DN57101-Black,70,5,,Tue May 27 2025 11:16:22 GMT+0700 (Western Indonesia Time),Tue May 27 2025 11:16:22 GMT+0700 (Western Indonesia Time)
9,B00406-Yellow,10,5,,Mon May 26 2025 16:49:58 GMT+0700 (Western Indonesia Time),Mon May 26 2025 16:55:18 GMT+0700 (Western Indonesia Time)
10,M11502-Coffee/L.Brown,5,5,,Tue May 27 2025 08:44:56 GMT+0700 (Western Indonesia Time),Tue May 27 2025 08:44:56 GMT+0700 (Western Indonesia Time)
11,A64602-D.Brown,11,5,,Tue May 27 2025 09:11:44 GMT+0700 (Western Indonesia Time),Tue May 27 2025 09:11:44 GMT+0700 (Western Indonesia Time)
12,MP83646-Maroon ,12,5,,Tue May 27 2025 09:21:09 GMT+0700 (Western Indonesia Time),Tue May 27 2025 09:21:09 GMT+0700 (Western Indonesia Time)
13,A02201-Black,13,5,,Tue May 27 2025 09:23:17 GMT+0700 (Western Indonesia Time),Tue May 27 2025 09:23:17 GMT+0700 (Western Indonesia Time)
14,A11906-Black/Black,14,5,,Tue May 27 2025 09:24:41 GMT+0700 (Western Indonesia Time),Tue May 27 2025 09:24:41 GMT+0700 (Western Indonesia Time)
15,AX95201-D.Brown,15,5,,Tue May 27 2025 09:26:01 GMT+0700 (Western Indonesia Time),Tue May 27 2025 09:26:01 GMT+0700 (Western Indonesia Time)
16,M59202-D.Brown,16,5,,Tue May 27 2025 09:26:40 GMT+0700 (Western Indonesia Time),Tue May 27 2025 09:26:40 GMT+0700 (Western Indonesia Time)
18,MT11486-Black,18,5,,Tue May 27 2025 09:30:40 GMT+0700 (Western Indonesia Time),Tue May 27 2025 09:30:40 GMT+0700 (Western Indonesia Time)
20,MP91712-Maroon,20,5,,Tue May 27 2025 09:41:44 GMT+0700 (Western Indonesia Time),Tue May 27 2025 09:41:44 GMT+0700 (Western Indonesia Time)
21,B00405-Green,21,5,,Tue May 27 2025 09:45:40 GMT+0700 (Western Indonesia Time),Tue May 27 2025 09:45:40 GMT+0700 (Western Indonesia Time)
22,C02403-Black,22,5,,Tue May 27 2025 09:48:02 GMT+0700 (Western Indonesia Time),Tue May 27 2025 09:48:02 GMT+0700 (Western Indonesia Time)
24,M11508-Black,24,5,,Tue May 27 2025 09:50:13 GMT+0700 (Western Indonesia Time),Tue May 27 2025 09:50:13 GMT+0700 (Western Indonesia Time)
25,M64123-Black/Brown,25,5,,Tue May 27 2025 09:51:55 GMT+0700 (Western Indonesia Time),Tue May 27 2025 09:51:55 GMT+0700 (Western Indonesia Time)
92,DN57102-Brown,71,5,,Tue May 27 2025 11:16:50 GMT+0700 (Western Indonesia Time),Tue May 27 2025 11:16:50 GMT+0700 (Western Indonesia Time)
93,DN57103-Tan,72,5,,Tue May 27 2025 11:17:15 GMT+0700 (Western Indonesia Time),Tue May 27 2025 11:17:15 GMT+0700 (Western Indonesia Time)
94,DN57104-Black,73,5,,Tue May 27 2025 11:17:40 GMT+0700 (Western Indonesia Time),Tue May 27 2025 11:17:40 GMT+0700 (Western Indonesia Time)
3,A56601-Tan,27,5,,Mon May 26 2025 14:37:13 GMT+0700 (Western Indonesia Time),Tue May 27 2025 10:01:23 GMT+0700 (Western Indonesia Time)
27,A92702-L.Brown/D.Brown,29,5,,Tue May 27 2025 10:03:29 GMT+0700 (Western Indonesia Time),Tue May 27 2025 10:03:29 GMT+0700 (Western Indonesia Time)
31,FP65108-Tan,33,5,,Tue May 27 2025 10:11:10 GMT+0700 (Western Indonesia Time),Tue May 27 2025 10:11:10 GMT+0700 (Western Indonesia Time)
33,M92250-Black,35,5,,Tue May 27 2025 10:12:58 GMT+0700 (Western Indonesia Time),Tue May 27 2025 10:12:58 GMT+0700 (Western Indonesia Time)
34,K11503-Brown/Nuss,36,5,,Tue May 27 2025 10:15:17 GMT+0700 (Western Indonesia Time),Tue May 27 2025 10:15:17 GMT+0700 (Western Indonesia Time)
35,A11905-D.Brown/D.Brown,19,5,,Tue May 27 2025 10:16:31 GMT+0700 (Western Indonesia Time),Tue May 27 2025 10:16:31 GMT+0700 (Western Indonesia Time)
19,A11905-Tan/D.Brown,19,5,,Tue May 27 2025 09:32:53 GMT+0700 (Western Indonesia Time),Tue May 27 2025 10:17:02 GMT+0700 (Western Indonesia Time)
36,B03303-Black,38,5,,Tue May 27 2025 10:17:51 GMT+0700 (Western Indonesia Time),Tue May 27 2025 10:17:51 GMT+0700 (Western Indonesia Time)
37,K95409-Nuss,39,5,,Tue May 27 2025 10:18:36 GMT+0700 (Western Indonesia Time),Tue May 27 2025 10:18:36 GMT+0700 (Western Indonesia Time)
38,A11485-Black,41,5,,Tue May 27 2025 10:31:47 GMT+0700 (Western Indonesia Time),Tue May 27 2025 10:31:47 GMT+0700 (Western Indonesia Time)
39,A11485-D.Brown,41,5,,Tue May 27 2025 10:32:13 GMT+0700 (Western Indonesia Time),Tue May 27 2025 10:32:13 GMT+0700 (Western Indonesia Time)
40,A11486-D.Brown,18,5,,Tue May 27 2025 10:33:06 GMT+0700 (Western Indonesia Time),Tue May 27 2025 10:33:06 GMT+0700 (Western Indonesia Time)
43,A92227-D.Brown,44,5,,Tue May 27 2025 10:36:07 GMT+0700 (Western Indonesia Time),Tue May 27 2025 10:36:07 GMT+0700 (Western Indonesia Time)
45,A92912-Black/Black,46,5,,Tue May 27 2025 10:37:56 GMT+0700 (Western Indonesia Time),Tue May 27 2025 10:37:56 GMT+0700 (Western Indonesia Time)
46,F92247-Tan,47,5,,Tue May 27 2025 10:39:26 GMT+0700 (Western Indonesia Time),Tue May 27 2025 10:39:26 GMT+0700 (Western Indonesia Time)
47,M15258-Black,45,5,,Tue May 27 2025 10:40:21 GMT+0700 (Western Indonesia Time),Tue May 27 2025 10:40:21 GMT+0700 (Western Indonesia Time)
48,M15601-Black/Black,48,5,,Tue May 27 2025 10:40:56 GMT+0700 (Western Indonesia Time),Tue May 27 2025 10:40:56 GMT+0700 (Western Indonesia Time)
50,M92246-Tan,49,5,,Tue May 27 2025 10:42:01 GMT+0700 (Western Indonesia Time),Tue May 27 2025 10:42:01 GMT+0700 (Western Indonesia Time)
51,T95504-Tan,50,5,,Tue May 27 2025 10:42:56 GMT+0700 (Western Indonesia Time),Tue May 27 2025 10:42:56 GMT+0700 (Western Indonesia Time)
52,A59301-Black,51,5,,Tue May 27 2025 10:43:44 GMT+0700 (Western Indonesia Time),Tue May 27 2025 10:43:44 GMT+0700 (Western Indonesia Time)
53,K64602-Copper,11,5,,Tue May 27 2025 10:45:19 GMT+0700 (Western Indonesia Time),Tue May 27 2025 10:45:19 GMT+0700 (Western Indonesia Time)
55,A64219-Tan/D.Brown,52,5,,Tue May 27 2025 10:47:29 GMT+0700 (Western Indonesia Time),Tue May 27 2025 10:47:29 GMT+0700 (Western Indonesia Time)
56,A64219-L.Brown/D.Brown,52,5,,Tue May 27 2025 10:47:53 GMT+0700 (Western Indonesia Time),Tue May 27 2025 10:47:53 GMT+0700 (Western Indonesia Time)
57,M65116-Tan/D.Brown,53,5,,Tue May 27 2025 10:52:51 GMT+0700 (Western Indonesia Time),Tue May 27 2025 10:52:51 GMT+0700 (Western Indonesia Time)
58,M65116-Black/Black,53,5,,Tue May 27 2025 10:53:10 GMT+0700 (Western Indonesia Time),Tue May 27 2025 10:53:10 GMT+0700 (Western Indonesia Time)
59,A56102-D.Brown/Camel,54,5,,Tue May 27 2025 10:53:41 GMT+0700 (Western Indonesia Time),Tue May 27 2025 10:53:41 GMT+0700 (Western Indonesia Time)
60,A64607-D.Brown,55,5,,Tue May 27 2025 10:54:20 GMT+0700 (Western Indonesia Time),Tue May 27 2025 10:54:20 GMT+0700 (Western Indonesia Time)
61,A25501-Tan/Black,56,5,,Tue May 27 2025 10:54:54 GMT+0700 (Western Indonesia Time),Tue May 27 2025 10:54:54 GMT+0700 (Western Indonesia Time)
62,A14502-Camel/Black,57,5,,Tue May 27 2025 10:56:15 GMT+0700 (Western Indonesia Time),Tue May 27 2025 10:56:15 GMT+0700 (Western Indonesia Time)
63,A56601-Camel,27,5,,Tue May 27 2025 10:57:00 GMT+0700 (Western Indonesia Time),Tue May 27 2025 10:57:00 GMT+0700 (Western Indonesia Time)
64,A56601-D.Brown,27,5,,Tue May 27 2025 10:57:26 GMT+0700 (Western Indonesia Time),Tue May 27 2025 10:57:26 GMT+0700 (Western Indonesia Time)
65,A56603-D.Brown,3,5,,Tue May 27 2025 10:58:07 GMT+0700 (Western Indonesia Time),Tue May 27 2025 10:58:07 GMT+0700 (Western Indonesia Time)
66,A56603-Tan,3,5,,Tue May 27 2025 10:58:27 GMT+0700 (Western Indonesia Time),Tue May 27 2025 10:58:27 GMT+0700 (Western Indonesia Time)
67,A11485-D.Tan,41,5,,Tue May 27 2025 10:59:08 GMT+0700 (Western Indonesia Time),Tue May 27 2025 10:59:08 GMT+0700 (Western Indonesia Time)
68,A02201-Camel/Camel,13,5,,Tue May 27 2025 10:59:34 GMT+0700 (Western Indonesia Time),Tue May 27 2025 10:59:34 GMT+0700 (Western Indonesia Time)
69,A02201-D.Brown/D.Brown,13,5,,Tue May 27 2025 11:00:04 GMT+0700 (Western Indonesia Time),Tue May 27 2025 11:00:04 GMT+0700 (Western Indonesia Time)
70,A02202-L.Brown/L.Brown,58,5,,Tue May 27 2025 11:02:09 GMT+0700 (Western Indonesia Time),Tue May 27 2025 11:02:09 GMT+0700 (Western Indonesia Time)
71,M11223-D.Brown,2,5,,Tue May 27 2025 11:02:26 GMT+0700 (Western Indonesia Time),Tue May 27 2025 11:02:26 GMT+0700 (Western Indonesia Time)
72,A11485-Camel,41,5,,Tue May 27 2025 11:02:45 GMT+0700 (Western Indonesia Time),Tue May 27 2025 11:02:45 GMT+0700 (Western Indonesia Time)
73,A41401-L.Brown,59,5,,Tue May 27 2025 11:03:37 GMT+0700 (Western Indonesia Time),Tue May 27 2025 11:03:37 GMT+0700 (Western Indonesia Time)
76,F92204-Tan/Black,61,5,,Tue May 27 2025 11:07:38 GMT+0700 (Western Indonesia Time),Tue May 27 2025 11:07:38 GMT+0700 (Western Indonesia Time)
77,A92226-Camel,62,5,,Tue May 27 2025 11:08:24 GMT+0700 (Western Indonesia Time),Tue May 27 2025 11:08:24 GMT+0700 (Western Indonesia Time)
78,A92235-Camel/Black,6,5,,Tue May 27 2025 11:08:49 GMT+0700 (Western Indonesia Time),Tue May 27 2025 11:08:49 GMT+0700 (Western Indonesia Time)
80,A92406-Tan,63,5,,Tue May 27 2025 11:09:54 GMT+0700 (Western Indonesia Time),Tue May 27 2025 11:09:54 GMT+0700 (Western Indonesia Time)
81,A92634-Tan/Brown,64,5,,Tue May 27 2025 11:10:42 GMT+0700 (Western Indonesia Time),Tue May 27 2025 11:10:42 GMT+0700 (Western Indonesia Time)
82,A92912-L.Brown/Camel,46,5,,Tue May 27 2025 11:11:11 GMT+0700 (Western Indonesia Time),Tue May 27 2025 11:11:11 GMT+0700 (Western Indonesia Time)
83,M11505-Tan/D.Brown,65,5,,Tue May 27 2025 11:11:49 GMT+0700 (Western Indonesia Time),Tue May 27 2025 11:11:49 GMT+0700 (Western Indonesia Time)
84,FP59206-Tan,66,5,,Tue May 27 2025 11:12:26 GMT+0700 (Western Indonesia Time),Tue May 27 2025 11:12:26 GMT+0700 (Western Indonesia Time)
85,M59209-Black,67,5,,Tue May 27 2025 11:13:07 GMT+0700 (Western Indonesia Time),Tue May 27 2025 11:13:07 GMT+0700 (Western Indonesia Time)
86,M59302-D.Brown,68,5,,Tue May 27 2025 11:13:54 GMT+0700 (Western Indonesia Time),Tue May 27 2025 11:13:54 GMT+0700 (Western Indonesia Time)
95,DN57105-Brown,74,5,,Tue May 27 2025 11:18:41 GMT+0700 (Western Indonesia Time),Tue May 27 2025 11:18:41 GMT+0700 (Western Indonesia Time)
96,DN57601-Black,75,5,,Tue May 27 2025 11:19:06 GMT+0700 (Western Indonesia Time),Tue May 27 2025 11:19:06 GMT+0700 (Western Indonesia Time)
97,DN57602-Tan,76,5,,Tue May 27 2025 11:19:35 GMT+0700 (Western Indonesia Time),Tue May 27 2025 11:19:35 GMT+0700 (Western Indonesia Time)
98,DN57603-Brown,77,5,,Tue May 27 2025 11:20:39 GMT+0700 (Western Indonesia Time),Tue May 27 2025 11:20:39 GMT+0700 (Western Indonesia Time)
99,DN57201-Black,78,5,,Tue May 27 2025 11:21:02 GMT+0700 (Western Indonesia Time),Tue May 27 2025 11:21:02 GMT+0700 (Western Indonesia Time)
100,DN57301-Tan,79,5,,Tue May 27 2025 11:21:23 GMT+0700 (Western Indonesia Time),Tue May 27 2025 11:21:23 GMT+0700 (Western Indonesia Time)
103,M59501-Black,28,5,,Tue May 27 2025 13:59:13 GMT+0700 (Western Indonesia Time),Tue May 27 2025 13:59:13 GMT+0700 (Western Indonesia Time)
104,AT11485-D.Brown,41,5,,Tue May 27 2025 13:59:37 GMT+0700 (Western Indonesia Time),Tue May 27 2025 13:59:37 GMT+0700 (Western Indonesia Time)
105,BN10402-Coffee/Tan/Black,83,5,,Tue May 27 2025 14:00:16 GMT+0700 (Western Indonesia Time),Tue May 27 2025 14:00:16 GMT+0700 (Western Indonesia Time)
108,FN09203-White,86,5,,Tue May 27 2025 14:06:46 GMT+0700 (Western Indonesia Time),Tue May 27 2025 14:06:46 GMT+0700 (Western Indonesia Time)
32,F45206ST-Tan,34,5,,Tue May 27 2025 10:11:47 GMT+0700 (Western Indonesia Time),Mon Jun 02 2025 10:26:34 GMT+0700 (Western Indonesia Time)
6,A02412ST-Camel,7,5,,Mon May 26 2025 15:48:00 GMT+0700 (Western Indonesia Time),Fri May 30 2025 09:49:23 GMT+0700 (Western Indonesia Time)
75,M45201ST-D.Brown,60,5,,Tue May 27 2025 11:05:19 GMT+0700 (Western Indonesia Time),Mon Jun 02 2025 10:25:09 GMT+0700 (Western Indonesia Time)
74,M45201ST-Black,60,5,,Tue May 27 2025 11:05:01 GMT+0700 (Western Indonesia Time),Mon Jun 02 2025 10:25:56 GMT+0700 (Western Indonesia Time)
102,A45409ST-Camel,31,5,,Tue May 27 2025 13:57:43 GMT+0700 (Western Indonesia Time),Mon Jun 02 2025 10:27:17 GMT+0700 (Western Indonesia Time)
29,AX45409ST-Camel,31,5,,Tue May 27 2025 10:07:07 GMT+0700 (Western Indonesia Time),Mon Jun 02 2025 10:27:30 GMT+0700 (Western Indonesia Time)
49,M45409ST-Black,31,5,,Tue May 27 2025 10:41:21 GMT+0700 (Western Indonesia Time),Mon Jun 02 2025 10:29:31 GMT+0700 (Western Indonesia Time)
41,A46401ST-Black,42,5,,Tue May 27 2025 10:33:53 GMT+0700 (Western Indonesia Time),Mon Jun 02 2025 10:32:30 GMT+0700 (Western Indonesia Time)
101,A46802ST-D.Brown,81,5,,Tue May 27 2025 13:55:13 GMT+0700 (Western Indonesia Time),Mon Jun 02 2025 10:34:47 GMT+0700 (Western Indonesia Time)
30,K64121-D.Brown,32,5,,Tue May 27 2025 10:10:25 GMT+0700 (Western Indonesia Time),Thu Jun 05 2025 09:39:56 GMT+0700 (Western Indonesia Time)
109,BN09101-Tan,87,5,,Tue May 27 2025 14:07:19 GMT+0700 (Western Indonesia Time),Tue May 27 2025 14:07:19 GMT+0700 (Western Indonesia Time)
110,DN57602-Camel,76,5,,Tue May 27 2025 14:33:19 GMT+0700 (Western Indonesia Time),Tue May 27 2025 14:33:19 GMT+0700 (Western Indonesia Time)
23,A92918-D.Brown/Coffee,23,5,,Tue May 27 2025 09:49:32 GMT+0700 (Western Indonesia Time),Thu Jun 19 2025 10:49:01 GMT+0700 (Western Indonesia Time)
5,A92235-Tan/Tan Btk,6,5,,Mon May 26 2025 15:35:11 GMT+0700 (Western Indonesia Time),Fri Jun 20 2025 10:02:23 GMT+0700 (Western Indonesia Time)
42,A46404ST-D.Brown,43,5,,Tue May 27 2025 10:34:33 GMT+0700 (Western Indonesia Time),Wed Jul 02 2025 15:37:49 GMT+0700 (Western Indonesia Time)
26,A64221-Black,26,5,,Tue May 27 2025 09:57:38 GMT+0700 (Western Indonesia Time),Thu Jul 03 2025 16:04:29 GMT+0700 (Western Indonesia Time)
54,M59202-Tan/Tan,16,5,,Tue May 27 2025 10:46:43 GMT+0700 (Western Indonesia Time),Mon Jul 28 2025 10:14:34 GMT+0700 (Western Indonesia Time)
44,A92235-Black/Black Btk,6,5,,Tue May 27 2025 10:36:28 GMT+0700 (Western Indonesia Time),Thu Aug 14 2025 15:14:55 GMT+0700 (Western Indonesia Time)
28,A64605-Black/Btk,30,5,,Tue May 27 2025 10:05:54 GMT+0700 (Western Indonesia Time),Tue Sep 02 2025 09:30:00 GMT+0700 (Western Indonesia Time)
107,M92207-Black Polos,85,5,,Tue May 27 2025 14:05:44 GMT+0700 (Western Indonesia Time),Fri Oct 10 2025 15:14:27 GMT+0700 (Western Indonesia Time)
90,A64605-Tan/Tan Btk,30,5,,Tue May 27 2025 11:15:33 GMT+0700 (Western Indonesia Time),Wed Oct 15 2025 09:42:35 GMT+0700 (Western Indonesia Time)
111,B00401-Maroon,88,5,,Tue May 27 2025 14:40:27 GMT+0700 (Western Indonesia Time),Tue May 27 2025 14:40:27 GMT+0700 (Western Indonesia Time)
112,K69201-Black,40,5,,Tue May 27 2025 15:41:46 GMT+0700 (Western Indonesia Time),Tue May 27 2025 15:41:46 GMT+0700 (Western Indonesia Time)
113,K69202-Black,80,5,,Tue May 27 2025 15:42:02 GMT+0700 (Western Indonesia Time),Tue May 27 2025 15:42:02 GMT+0700 (Western Indonesia Time)
115,M11223-Camel,2,5,,Wed May 28 2025 08:35:04 GMT+0700 (Western Indonesia Time),Wed May 28 2025 08:35:04 GMT+0700 (Western Indonesia Time)
116,A11485-Tan,41,5,,Wed May 28 2025 08:39:15 GMT+0700 (Western Indonesia Time),Wed May 28 2025 08:39:15 GMT+0700 (Western Indonesia Time)
118,A92406-Coffee,63,5,,Wed May 28 2025 10:04:24 GMT+0700 (Western Indonesia Time),Wed May 28 2025 10:04:24 GMT+0700 (Western Indonesia Time)
17,BT04602-Maroon/D.Brown/White,17,5,,Tue May 27 2025 09:29:53 GMT+0700 (Western Indonesia Time),Wed May 28 2025 11:35:29 GMT+0700 (Western Indonesia Time)
119,BN09102-D.Brown,90,5,,Wed May 28 2025 11:36:15 GMT+0700 (Western Indonesia Time),Wed May 28 2025 11:36:15 GMT+0700 (Western Indonesia Time)
120,MT01208-Black,91,5,,Wed May 28 2025 11:38:31 GMT+0700 (Western Indonesia Time),Wed May 28 2025 11:42:00 GMT+0700 (Western Indonesia Time)
121,A92231-Black Polos,92,5,,Wed May 28 2025 11:50:00 GMT+0700 (Western Indonesia Time),Wed May 28 2025 11:50:00 GMT+0700 (Western Indonesia Time)
122,A92234-Black,93,5,,Wed May 28 2025 11:50:37 GMT+0700 (Western Indonesia Time),Wed May 28 2025 11:50:37 GMT+0700 (Western Indonesia Time)
123,A11486-Black,18,5,,Wed May 28 2025 11:51:08 GMT+0700 (Western Indonesia Time),Wed May 28 2025 11:51:08 GMT+0700 (Western Indonesia Time)
124,A11486-D.Tan,18,5,,Wed May 28 2025 11:51:27 GMT+0700 (Western Indonesia Time),Wed May 28 2025 11:51:27 GMT+0700 (Western Indonesia Time)
125,BN09402-Coffee/Tan/Black,94,5,,Wed May 28 2025 13:35:09 GMT+0700 (Western Indonesia Time),Wed May 28 2025 13:35:09 GMT+0700 (Western Indonesia Time)
126,A56601-L.Brown,27,5,,Wed May 28 2025 14:20:53 GMT+0700 (Western Indonesia Time),Wed May 28 2025 14:20:53 GMT+0700 (Western Indonesia Time)
128,A11486-Tan,18,5,,Wed May 28 2025 14:23:09 GMT+0700 (Western Indonesia Time),Wed May 28 2025 14:23:09 GMT+0700 (Western Indonesia Time)
129,A92226-Tan,62,5,,Wed May 28 2025 14:25:13 GMT+0700 (Western Indonesia Time),Wed May 28 2025 14:25:13 GMT+0700 (Western Indonesia Time)
130,A92912-Tan/D.Brown,46,5,,Wed May 28 2025 14:28:20 GMT+0700 (Western Indonesia Time),Wed May 28 2025 14:28:20 GMT+0700 (Western Indonesia Time)
131,A95201-Tan,15,5,,Wed May 28 2025 14:28:57 GMT+0700 (Western Indonesia Time),Wed May 28 2025 14:28:57 GMT+0700 (Western Indonesia Time)
132,T95504-Maroon,50,5,,Wed May 28 2025 14:29:41 GMT+0700 (Western Indonesia Time),Wed May 28 2025 14:29:41 GMT+0700 (Western Indonesia Time)
133,A11503-L.Brown,36,5,,Wed May 28 2025 15:21:51 GMT+0700 (Western Indonesia Time),Wed May 28 2025 15:21:51 GMT+0700 (Western Indonesia Time)
117,A02412ST-D.Brown,7,5,,Wed May 28 2025 09:49:35 GMT+0700 (Western Indonesia Time),Fri May 30 2025 09:49:46 GMT+0700 (Western Indonesia Time)
135,F83646-Maroon,12,5,,Fri May 30 2025 09:59:10 GMT+0700 (Western Indonesia Time),Fri May 30 2025 09:59:10 GMT+0700 (Western Indonesia Time)
136,B00609-Black,96,5,,Fri May 30 2025 10:00:37 GMT+0700 (Western Indonesia Time),Fri May 30 2025 10:00:37 GMT+0700 (Western Indonesia Time)
138,A41203-Camel,97,5,,Fri May 30 2025 10:03:40 GMT+0700 (Western Indonesia Time),Fri May 30 2025 10:03:40 GMT+0700 (Western Indonesia Time)
140,A16203-L.Brown,99,5,,Fri May 30 2025 10:06:17 GMT+0700 (Western Indonesia Time),Fri May 30 2025 10:06:17 GMT+0700 (Western Indonesia Time)
141,MX84649-Black,100,5,,Fri May 30 2025 10:07:15 GMT+0700 (Western Indonesia Time),Fri May 30 2025 10:07:15 GMT+0700 (Western Indonesia Time)
143,A41803-L.Brown,101,5,,Fri May 30 2025 10:08:33 GMT+0700 (Western Indonesia Time),Fri May 30 2025 10:08:33 GMT+0700 (Western Indonesia Time)
144,A92231-Tan,92,5,,Fri May 30 2025 10:08:57 GMT+0700 (Western Indonesia Time),Fri May 30 2025 10:08:57 GMT+0700 (Western Indonesia Time)
145,A64602-Camel,11,5,,Fri May 30 2025 10:09:25 GMT+0700 (Western Indonesia Time),Fri May 30 2025 10:09:25 GMT+0700 (Western Indonesia Time)
146,A92406-L.Brown,63,5,,Fri May 30 2025 12:58:57 GMT+0700 (Western Indonesia Time),Fri May 30 2025 12:58:57 GMT+0700 (Western Indonesia Time)
147,M15104-Black,102,5,,Fri May 30 2025 15:19:59 GMT+0700 (Western Indonesia Time),Fri May 30 2025 15:19:59 GMT+0700 (Western Indonesia Time)
148,BN09203-Grey,86,5,,Fri May 30 2025 16:09:34 GMT+0700 (Western Indonesia Time),Fri May 30 2025 16:09:34 GMT+0700 (Western Indonesia Time)
149,BN09202-Blue,103,5,,Fri May 30 2025 16:11:59 GMT+0700 (Western Indonesia Time),Fri May 30 2025 16:11:59 GMT+0700 (Western Indonesia Time)
150,K02804-Brown,104,5,,Sat May 31 2025 08:06:58 GMT+0700 (Western Indonesia Time),Sat May 31 2025 08:06:58 GMT+0700 (Western Indonesia Time)
151,AZ95412-Camel,105,5,,Sat May 31 2025 08:07:43 GMT+0700 (Western Indonesia Time),Sat May 31 2025 08:07:43 GMT+0700 (Western Indonesia Time)
152,A41803-L.Brown/Black,101,5,,Sat May 31 2025 09:40:50 GMT+0700 (Western Indonesia Time),Sat May 31 2025 09:40:50 GMT+0700 (Western Indonesia Time)
153,BN09401-Tan/Tan/Brown,106,5,,Sat May 31 2025 13:19:36 GMT+0700 (Western Indonesia Time),Sat May 31 2025 13:19:36 GMT+0700 (Western Indonesia Time)
154,A15103-Black,107,5,,Mon Jun 02 2025 08:11:52 GMT+0700 (Western Indonesia Time),Mon Jun 02 2025 08:11:52 GMT+0700 (Western Indonesia Time)
156,AT11252-D.Brown,108,5,,Mon Jun 02 2025 08:13:32 GMT+0700 (Western Indonesia Time),Mon Jun 02 2025 08:13:32 GMT+0700 (Western Indonesia Time)
157,MT11252-Black,108,5,,Mon Jun 02 2025 08:13:59 GMT+0700 (Western Indonesia Time),Mon Jun 02 2025 08:13:59 GMT+0700 (Western Indonesia Time)
158,A64603-D.Brown,109,5,,Mon Jun 02 2025 08:14:38 GMT+0700 (Western Indonesia Time),Mon Jun 02 2025 08:14:38 GMT+0700 (Western Indonesia Time)
159,M92635-D.Brown/D.Brown,84,5,,Mon Jun 02 2025 08:15:08 GMT+0700 (Western Indonesia Time),Mon Jun 02 2025 08:15:08 GMT+0700 (Western Indonesia Time)
155,A45409ST-Black,31,5,,Mon Jun 02 2025 08:12:20 GMT+0700 (Western Indonesia Time),Mon Jun 02 2025 10:27:03 GMT+0700 (Western Indonesia Time)
160,K45409ST-D.Brown,31,5,,Mon Jun 02 2025 09:21:50 GMT+0700 (Western Indonesia Time),Mon Jun 02 2025 10:27:44 GMT+0700 (Western Indonesia Time)
114,MP45504ST-D.Brown,89,5,,Wed May 28 2025 08:33:29 GMT+0700 (Western Indonesia Time),Mon Jun 02 2025 10:31:50 GMT+0700 (Western Indonesia Time)
161,MPT11227-Maroon,110,5,,Mon Jun 02 2025 13:50:24 GMT+0700 (Western Indonesia Time),Mon Jun 02 2025 13:50:24 GMT+0700 (Western Indonesia Time)
162,A92406-D.Brown,63,5,,Mon Jun 02 2025 13:50:50 GMT+0700 (Western Indonesia Time),Mon Jun 02 2025 13:50:50 GMT+0700 (Western Indonesia Time)
163,BN22201-Tan,8,5,,Mon Jun 02 2025 15:19:06 GMT+0700 (Western Indonesia Time),Mon Jun 02 2025 15:19:06 GMT+0700 (Western Indonesia Time)
164,A11905-Black/Black,19,5,,Tue Jun 03 2025 08:52:30 GMT+0700 (Western Indonesia Time),Tue Jun 03 2025 08:52:30 GMT+0700 (Western Indonesia Time)
165,DN57501-Black,111,5,,Tue Jun 03 2025 09:43:24 GMT+0700 (Western Indonesia Time),Tue Jun 03 2025 09:43:24 GMT+0700 (Western Indonesia Time)
166,DN57502-Brown,112,5,,Tue Jun 03 2025 09:49:31 GMT+0700 (Western Indonesia Time),Tue Jun 03 2025 09:49:31 GMT+0700 (Western Indonesia Time)
167,A45201ST-Tan,60,5,,Tue Jun 03 2025 09:50:01 GMT+0700 (Western Indonesia Time),Tue Jun 03 2025 09:50:01 GMT+0700 (Western Indonesia Time)
168,M64222-Black,113,5,,Tue Jun 03 2025 09:51:04 GMT+0700 (Western Indonesia Time),Tue Jun 03 2025 09:51:04 GMT+0700 (Western Indonesia Time)
134,A65107-Black,95,5,,Fri May 30 2025 09:45:03 GMT+0700 (Western Indonesia Time),Tue Jun 03 2025 13:04:09 GMT+0700 (Western Indonesia Time)
139,K65301-D.Brown,98,5,,Fri May 30 2025 10:05:40 GMT+0700 (Western Indonesia Time),Tue Jun 03 2025 13:05:27 GMT+0700 (Western Indonesia Time)
169,TN04602-Tan/White/Black,17,5,,Tue Jun 03 2025 13:08:53 GMT+0700 (Western Indonesia Time),Tue Jun 03 2025 13:08:53 GMT+0700 (Western Indonesia Time)
171,A16202-D.Brown/D.Brown Btk,115,5,,Tue Jun 03 2025 13:14:25 GMT+0700 (Western Indonesia Time),Tue Jun 03 2025 13:14:25 GMT+0700 (Western Indonesia Time)
179,M83260-Black,120,5,,Tue Jun 03 2025 13:23:29 GMT+0700 (Western Indonesia Time),Tue Jun 03 2025 13:23:29 GMT+0700 (Western Indonesia Time)
180,M92249-Black,121,5,,Tue Jun 03 2025 13:24:08 GMT+0700 (Western Indonesia Time),Tue Jun 03 2025 13:24:08 GMT+0700 (Western Indonesia Time)
181,M64501-Tan,122,5,,Tue Jun 03 2025 13:29:01 GMT+0700 (Western Indonesia Time),Tue Jun 03 2025 13:29:01 GMT+0700 (Western Indonesia Time)
182,M64501-D.Brown,122,5,,Tue Jun 03 2025 13:29:16 GMT+0700 (Western Indonesia Time),Tue Jun 03 2025 13:29:16 GMT+0700 (Western Indonesia Time)
183,K64501-D.Brown,122,5,,Tue Jun 03 2025 13:29:44 GMT+0700 (Western Indonesia Time),Tue Jun 03 2025 13:29:44 GMT+0700 (Western Indonesia Time)
184,T64501-Tan,122,5,,Tue Jun 03 2025 13:29:58 GMT+0700 (Western Indonesia Time),Tue Jun 03 2025 13:29:58 GMT+0700 (Western Indonesia Time)
185,TN04602-Maroon/White,17,5,,Tue Jun 03 2025 15:15:01 GMT+0700 (Western Indonesia Time),Tue Jun 03 2025 15:15:01 GMT+0700 (Western Indonesia Time)
186,A91360-Black,123,5,,Wed Jun 04 2025 08:06:52 GMT+0700 (Western Indonesia Time),Wed Jun 04 2025 08:06:52 GMT+0700 (Western Indonesia Time)
187,MP98507-Tan,124,5,,Wed Jun 04 2025 08:07:11 GMT+0700 (Western Indonesia Time),Wed Jun 04 2025 08:07:11 GMT+0700 (Western Indonesia Time)
188,A11502-Camel,5,5,,Wed Jun 04 2025 08:30:05 GMT+0700 (Western Indonesia Time),Wed Jun 04 2025 08:30:05 GMT+0700 (Western Indonesia Time)
189,MO11227-Black,110,5,,Wed Jun 04 2025 08:30:58 GMT+0700 (Western Indonesia Time),Wed Jun 04 2025 08:30:58 GMT+0700 (Western Indonesia Time)
190,M64501-Brown,122,5,,Wed Jun 04 2025 08:48:45 GMT+0700 (Western Indonesia Time),Wed Jun 04 2025 08:48:45 GMT+0700 (Western Indonesia Time)
191,AX95301-Camel/D.Brown,125,5,,Wed Jun 04 2025 11:03:39 GMT+0700 (Western Indonesia Time),Wed Jun 04 2025 11:03:39 GMT+0700 (Western Indonesia Time)
192,T95511-Tan,126,5,,Wed Jun 04 2025 12:52:52 GMT+0700 (Western Indonesia Time),Wed Jun 04 2025 12:52:52 GMT+0700 (Western Indonesia Time)
193,T95511-Maroon,126,5,,Wed Jun 04 2025 12:53:07 GMT+0700 (Western Indonesia Time),Wed Jun 04 2025 12:53:07 GMT+0700 (Western Indonesia Time)
194,T95512-Tan,127,5,,Wed Jun 04 2025 12:54:12 GMT+0700 (Western Indonesia Time),Wed Jun 04 2025 12:54:12 GMT+0700 (Western Indonesia Time)
195,T95512-Maroon,127,5,,Wed Jun 04 2025 12:54:30 GMT+0700 (Western Indonesia Time),Wed Jun 04 2025 12:54:30 GMT+0700 (Western Indonesia Time)
196,M95512-Black,127,5,,Wed Jun 04 2025 12:54:44 GMT+0700 (Western Indonesia Time),Wed Jun 04 2025 12:54:44 GMT+0700 (Western Indonesia Time)
198,A92237-D.Brown,129,5,,Wed Jun 04 2025 13:00:00 GMT+0700 (Western Indonesia Time),Wed Jun 04 2025 13:00:00 GMT+0700 (Western Indonesia Time)
202,K15222-Brown,132,5,,Wed Jun 04 2025 13:02:52 GMT+0700 (Western Indonesia Time),Wed Jun 04 2025 13:02:52 GMT+0700 (Western Indonesia Time)
203,A28202-D.Brown,133,5,,Wed Jun 04 2025 13:04:19 GMT+0700 (Western Indonesia Time),Wed Jun 04 2025 13:04:19 GMT+0700 (Western Indonesia Time)
204,FT28202-Maroon,133,5,,Wed Jun 04 2025 13:04:36 GMT+0700 (Western Indonesia Time),Wed Jun 04 2025 13:04:36 GMT+0700 (Western Indonesia Time)
208,FP59128-Tan,137,5,,Wed Jun 04 2025 13:20:44 GMT+0700 (Western Indonesia Time),Wed Jun 04 2025 13:20:44 GMT+0700 (Western Indonesia Time)
215,M59101-Black,142,5,,Wed Jun 04 2025 13:26:30 GMT+0700 (Western Indonesia Time),Wed Jun 04 2025 13:26:30 GMT+0700 (Western Indonesia Time)
216,M59101-D.Brown,142,5,,Wed Jun 04 2025 13:26:47 GMT+0700 (Western Indonesia Time),Wed Jun 04 2025 13:26:47 GMT+0700 (Western Indonesia Time)
217,M59101-Coffee,142,5,,Wed Jun 04 2025 13:27:06 GMT+0700 (Western Indonesia Time),Wed Jun 04 2025 13:27:06 GMT+0700 (Western Indonesia Time)
224,A41602-Camel/Black,147,5,,Wed Jun 04 2025 13:44:05 GMT+0700 (Western Indonesia Time),Wed Jun 04 2025 13:44:05 GMT+0700 (Western Indonesia Time)
231,M92215-Black,154,5,,Wed Jun 04 2025 13:53:11 GMT+0700 (Western Indonesia Time),Wed Jun 04 2025 13:53:11 GMT+0700 (Western Indonesia Time)
243,DN09101-White,87,5,,Wed Jun 04 2025 14:58:54 GMT+0700 (Western Indonesia Time),Wed Jun 04 2025 14:58:54 GMT+0700 (Western Indonesia Time)
245,K59401-D.Brown,163,5,,Thu Jun 05 2025 08:29:11 GMT+0700 (Western Indonesia Time),Thu Jun 05 2025 08:29:11 GMT+0700 (Western Indonesia Time)
246,BN09202-Blue/L.Blue/Blue,103,5,,Thu Jun 05 2025 10:21:51 GMT+0700 (Western Indonesia Time),Thu Jun 05 2025 10:22:47 GMT+0700 (Western Indonesia Time)
250,DN57105-Coffee,74,5,,Thu Jun 05 2025 10:27:58 GMT+0700 (Western Indonesia Time),Thu Jun 05 2025 10:27:58 GMT+0700 (Western Indonesia Time)
251,DN57603-Black,77,5,,Thu Jun 05 2025 10:28:38 GMT+0700 (Western Indonesia Time),Thu Jun 05 2025 10:28:38 GMT+0700 (Western Indonesia Time)
252,DN57603-Coffee,77,5,,Thu Jun 05 2025 10:29:05 GMT+0700 (Western Indonesia Time),Thu Jun 05 2025 10:29:05 GMT+0700 (Western Indonesia Time)
253,T05602-Tan,165,5,,Thu Jun 05 2025 13:29:43 GMT+0700 (Western Indonesia Time),Thu Jun 05 2025 13:29:43 GMT+0700 (Western Indonesia Time)
254,M64217-Brown,166,5,,Sat Jun 07 2025 08:21:23 GMT+0700 (Western Indonesia Time),Sat Jun 07 2025 08:21:23 GMT+0700 (Western Indonesia Time)
255,AZ95411-Camel,167,5,,Sat Jun 07 2025 08:21:55 GMT+0700 (Western Indonesia Time),Sat Jun 07 2025 08:21:55 GMT+0700 (Western Indonesia Time)
256,A46802ST-Tan,81,5,,Sat Jun 07 2025 08:22:57 GMT+0700 (Western Indonesia Time),Sat Jun 07 2025 08:22:57 GMT+0700 (Western Indonesia Time)
257,T95502-Maroon,168,5,,Sat Jun 07 2025 08:23:33 GMT+0700 (Western Indonesia Time),Sat Jun 07 2025 08:23:33 GMT+0700 (Western Indonesia Time)
258,AT02201-Tan,13,5,,Sat Jun 07 2025 08:24:15 GMT+0700 (Western Indonesia Time),Sat Jun 07 2025 08:24:15 GMT+0700 (Western Indonesia Time)
259,A64118-D.Brown,170,5,,Sat Jun 07 2025 08:35:13 GMT+0700 (Western Indonesia Time),Sat Jun 07 2025 08:35:13 GMT+0700 (Western Indonesia Time)
260,AT11485-D.Coffee,41,5,,Sat Jun 07 2025 08:37:10 GMT+0700 (Western Indonesia Time),Sat Jun 07 2025 08:37:10 GMT+0700 (Western Indonesia Time)
244,AT01208-Tan,91,5,,Thu Jun 05 2025 08:28:17 GMT+0700 (Western Indonesia Time),Sat Jun 07 2025 08:40:54 GMT+0700 (Western Indonesia Time)
261,M64603-Black,109,5,,Mon Jun 09 2025 08:30:29 GMT+0700 (Western Indonesia Time),Mon Jun 09 2025 08:30:29 GMT+0700 (Western Indonesia Time)
137,A92235-D.Brown/D.Brown ,6,5,,Fri May 30 2025 10:02:20 GMT+0700 (Western Indonesia Time),Fri Jun 20 2025 10:04:38 GMT+0700 (Western Indonesia Time)
127,M59202-Black/Black,16,5,,Wed May 28 2025 14:21:42 GMT+0700 (Western Indonesia Time),Mon Jul 28 2025 10:14:20 GMT+0700 (Western Indonesia Time)
172,A16201-L.Brown/Black,116,5,,Tue Jun 03 2025 13:15:33 GMT+0700 (Western Indonesia Time),Wed Oct 01 2025 13:26:42 GMT+0700 (Western Indonesia Time)
242,AZ95412-Tan/Tan Btk,105,5,,Wed Jun 04 2025 14:17:57 GMT+0700 (Western Indonesia Time),Fri Jan 30 2026 16:17:40 GMT+0700 (Western Indonesia Time)
263,K83260-Black,120,5,,Mon Jun 09 2025 08:40:19 GMT+0700 (Western Indonesia Time),Mon Jun 09 2025 08:40:19 GMT+0700 (Western Indonesia Time)
265,BN09201-Nugget/Black/L.Grey,164,5,,Mon Jun 09 2025 09:09:06 GMT+0700 (Western Indonesia Time),Mon Jun 09 2025 09:09:06 GMT+0700 (Western Indonesia Time)
266,DN57102-Coffee,71,5,,Mon Jun 09 2025 09:11:54 GMT+0700 (Western Indonesia Time),Mon Jun 09 2025 09:11:54 GMT+0700 (Western Indonesia Time)
267,DN57104-Coffee,73,5,,Mon Jun 09 2025 09:12:25 GMT+0700 (Western Indonesia Time),Mon Jun 09 2025 09:12:25 GMT+0700 (Western Indonesia Time)
268,BN09401-Tan/Black/Tan,106,5,,Mon Jun 09 2025 09:23:54 GMT+0700 (Western Indonesia Time),Mon Jun 09 2025 09:23:54 GMT+0700 (Western Indonesia Time)
106,M92635-Black/Black,84,5,,Tue May 27 2025 14:01:46 GMT+0700 (Western Indonesia Time),Tue Jun 10 2025 08:56:00 GMT+0700 (Western Indonesia Time)
270,M11505-Black,65,5,,Tue Jun 10 2025 10:59:56 GMT+0700 (Western Indonesia Time),Tue Jun 10 2025 10:59:56 GMT+0700 (Western Indonesia Time)
272,K45409ST-Black,31,5,,Wed Jun 11 2025 08:52:50 GMT+0700 (Western Indonesia Time),Wed Jun 11 2025 08:52:50 GMT+0700 (Western Indonesia Time)
273,M92518-Black/D.Brown,173,5,,Wed Jun 11 2025 13:50:50 GMT+0700 (Western Indonesia Time),Wed Jun 11 2025 13:50:50 GMT+0700 (Western Indonesia Time)
274,A65109-Coffee,174,5,,Wed Jun 11 2025 14:01:03 GMT+0700 (Western Indonesia Time),Wed Jun 11 2025 14:01:03 GMT+0700 (Western Indonesia Time)
275,A65107-Tan,95,5,,Wed Jun 11 2025 14:01:41 GMT+0700 (Western Indonesia Time),Wed Jun 11 2025 14:01:41 GMT+0700 (Western Indonesia Time)
170,T04604-Tan/Black/White/Blue,114,5,,Tue Jun 03 2025 13:11:48 GMT+0700 (Western Indonesia Time),Wed Jun 11 2025 14:03:11 GMT+0700 (Western Indonesia Time)
276,A64602-Coffee,11,5,,Wed Jun 11 2025 14:18:01 GMT+0700 (Western Indonesia Time),Wed Jun 11 2025 14:18:01 GMT+0700 (Western Indonesia Time)
279,K64211-D.Brown,145,5,,Thu Jun 12 2025 08:15:32 GMT+0700 (Western Indonesia Time),Thu Jun 12 2025 08:15:32 GMT+0700 (Western Indonesia Time)
280,MO11223-Camel,2,5,,Thu Jun 12 2025 08:16:06 GMT+0700 (Western Indonesia Time),Thu Jun 12 2025 08:16:06 GMT+0700 (Western Indonesia Time)
281,A02412ST-L.Brown,7,5,,Thu Jun 12 2025 08:17:17 GMT+0700 (Western Indonesia Time),Thu Jun 12 2025 08:17:17 GMT+0700 (Western Indonesia Time)
278,T45504ST-Maroon,89,5,,Thu Jun 12 2025 08:14:53 GMT+0700 (Western Indonesia Time),Thu Jun 12 2025 08:18:25 GMT+0700 (Western Indonesia Time)
282,K92250-Nuss,35,5,,Thu Jun 12 2025 12:33:41 GMT+0700 (Western Indonesia Time),Thu Jun 12 2025 12:33:41 GMT+0700 (Western Indonesia Time)
283,T95402-Tan/Black,177,5,,Thu Jun 12 2025 15:01:28 GMT+0700 (Western Indonesia Time),Thu Jun 12 2025 15:01:28 GMT+0700 (Western Indonesia Time)
284,A16202-D.Brown Polos,115,5,,Fri Jun 13 2025 08:12:37 GMT+0700 (Western Indonesia Time),Fri Jun 13 2025 08:12:37 GMT+0700 (Western Indonesia Time)
285,A65109-Camel,174,5,,Fri Jun 13 2025 08:18:09 GMT+0700 (Western Indonesia Time),Fri Jun 13 2025 08:18:09 GMT+0700 (Western Indonesia Time)
288,A14206-D.Brown,178,5,,Sat Jun 14 2025 08:26:24 GMT+0700 (Western Indonesia Time),Sat Jun 14 2025 08:26:24 GMT+0700 (Western Indonesia Time)
289,M11503-Black Polos,36,5,,Sat Jun 14 2025 09:17:54 GMT+0700 (Western Indonesia Time),Sat Jun 14 2025 09:17:54 GMT+0700 (Western Indonesia Time)
290,M59202-Camel/Tan,16,5,,Sat Jun 14 2025 14:18:46 GMT+0700 (Western Indonesia Time),Sat Jun 14 2025 14:18:46 GMT+0700 (Western Indonesia Time)
291,K92207-Brown,85,5,,Mon Jun 16 2025 08:15:38 GMT+0700 (Western Indonesia Time),Mon Jun 16 2025 08:15:38 GMT+0700 (Western Indonesia Time)
292,A02411-Camel,179,5,,Mon Jun 16 2025 08:52:06 GMT+0700 (Western Indonesia Time),Mon Jun 16 2025 08:52:06 GMT+0700 (Western Indonesia Time)
293,M59211-D.Brown,180,5,,Mon Jun 16 2025 11:23:31 GMT+0700 (Western Indonesia Time),Mon Jun 16 2025 11:23:31 GMT+0700 (Western Indonesia Time)
296,A13501-Camel,182,5,,Tue Jun 17 2025 11:15:10 GMT+0700 (Western Indonesia Time),Tue Jun 17 2025 11:15:10 GMT+0700 (Western Indonesia Time)
297,A92505-L.Brown,183,5,,Tue Jun 17 2025 11:43:48 GMT+0700 (Western Indonesia Time),Tue Jun 17 2025 11:43:48 GMT+0700 (Western Indonesia Time)
298,M35401-Tan,184,5,,Tue Jun 17 2025 15:07:03 GMT+0700 (Western Indonesia Time),Tue Jun 17 2025 15:07:03 GMT+0700 (Western Indonesia Time)
271,MP92635-Maroon/D.Brown,84,5,,Wed Jun 11 2025 08:52:16 GMT+0700 (Western Indonesia Time),Wed Jun 18 2025 08:52:55 GMT+0700 (Western Indonesia Time)
299,N70105-Maroon,185,5,,Wed Jun 18 2025 09:54:29 GMT+0700 (Western Indonesia Time),Wed Jun 18 2025 09:54:29 GMT+0700 (Western Indonesia Time)
300,M64501-Black,122,5,,Wed Jun 18 2025 15:10:43 GMT+0700 (Western Indonesia Time),Wed Jun 18 2025 15:10:43 GMT+0700 (Western Indonesia Time)
301,M59402-Black,186,5,,Wed Jun 18 2025 15:11:39 GMT+0700 (Western Indonesia Time),Wed Jun 18 2025 15:11:39 GMT+0700 (Western Indonesia Time)
302,M59212-Black,187,5,,Wed Jun 18 2025 15:12:09 GMT+0700 (Western Indonesia Time),Wed Jun 18 2025 15:12:09 GMT+0700 (Western Indonesia Time)
303,A92627-L.Brown/Camel,188,5,,Wed Jun 18 2025 15:13:50 GMT+0700 (Western Indonesia Time),Wed Jun 18 2025 15:13:50 GMT+0700 (Western Indonesia Time)
79,A92235-L.Brown Polos,6,5,,Tue May 27 2025 11:09:11 GMT+0700 (Western Indonesia Time),Wed Jun 18 2025 15:14:40 GMT+0700 (Western Indonesia Time)
304,A92918-L.Brown/Camel,23,5,,Wed Jun 18 2025 15:15:20 GMT+0700 (Western Indonesia Time),Wed Jun 18 2025 15:15:20 GMT+0700 (Western Indonesia Time)
305,K92250-Black,35,5,,Wed Jun 18 2025 15:20:10 GMT+0700 (Western Indonesia Time),Wed Jun 18 2025 15:20:10 GMT+0700 (Western Indonesia Time)
306,K92250-D.Brown,35,5,,Wed Jun 18 2025 15:21:12 GMT+0700 (Western Indonesia Time),Wed Jun 18 2025 15:21:12 GMT+0700 (Western Indonesia Time)
307,K59401-Nuss,163,5,,Wed Jun 18 2025 16:07:54 GMT+0700 (Western Indonesia Time),Wed Jun 18 2025 16:07:54 GMT+0700 (Western Indonesia Time)
308,MP98501-Brown,189,5,,Thu Jun 19 2025 08:00:40 GMT+0700 (Western Indonesia Time),Thu Jun 19 2025 08:00:40 GMT+0700 (Western Indonesia Time)
309,A92227-L.Brown,44,5,,Thu Jun 19 2025 08:01:04 GMT+0700 (Western Indonesia Time),Thu Jun 19 2025 08:01:04 GMT+0700 (Western Indonesia Time)
310,K59601-Black,148,5,,Thu Jun 19 2025 08:06:39 GMT+0700 (Western Indonesia Time),Thu Jun 19 2025 08:06:39 GMT+0700 (Western Indonesia Time)
311,A92627-D.Brown/Camel,188,5,,Thu Jun 19 2025 10:46:37 GMT+0700 (Western Indonesia Time),Thu Jun 19 2025 10:46:37 GMT+0700 (Western Indonesia Time)
313,A92912-Tan/Coffee,46,5,,Thu Jun 19 2025 10:47:58 GMT+0700 (Western Indonesia Time),Thu Jun 19 2025 10:47:58 GMT+0700 (Western Indonesia Time)
314,BN09201-Brown/Black/Brown,164,5,,Thu Jun 19 2025 16:04:15 GMT+0700 (Western Indonesia Time),Thu Jun 19 2025 16:04:15 GMT+0700 (Western Indonesia Time)
315,BN09201-Nugget/Black/D.Grey,164,5,,Thu Jun 19 2025 16:05:09 GMT+0700 (Western Indonesia Time),Thu Jun 19 2025 16:05:09 GMT+0700 (Western Indonesia Time)
316,BN09201-Tan/Black/Brown,164,5,,Thu Jun 19 2025 16:05:50 GMT+0700 (Western Indonesia Time),Thu Jun 19 2025 16:05:50 GMT+0700 (Western Indonesia Time)
317,BN09202-Mocca/Black/Cream,103,5,,Thu Jun 19 2025 16:10:50 GMT+0700 (Western Indonesia Time),Thu Jun 19 2025 16:10:50 GMT+0700 (Western Indonesia Time)
318,BN09202-Tan/Black/Brown,103,5,,Thu Jun 19 2025 16:11:23 GMT+0700 (Western Indonesia Time),Thu Jun 19 2025 16:11:23 GMT+0700 (Western Indonesia Time)
319,BN09202-Navy/L.Blue/Blue,103,5,,Thu Jun 19 2025 16:13:58 GMT+0700 (Western Indonesia Time),Thu Jun 19 2025 16:13:58 GMT+0700 (Western Indonesia Time)
320,BN09101-D.Brown,87,5,,Thu Jun 19 2025 16:15:35 GMT+0700 (Western Indonesia Time),Thu Jun 19 2025 16:15:35 GMT+0700 (Western Indonesia Time)
321,BN09102-Tan,90,5,,Thu Jun 19 2025 16:16:01 GMT+0700 (Western Indonesia Time),Thu Jun 19 2025 16:16:01 GMT+0700 (Western Indonesia Time)
269,BN09402-D.Brown/Tan/Black/Brown,94,5,,Mon Jun 09 2025 09:25:25 GMT+0700 (Western Indonesia Time),Fri Jun 20 2025 10:01:59 GMT+0700 (Western Indonesia Time)
322,M35303-Black,191,5,,Fri Jun 20 2025 10:44:33 GMT+0700 (Western Indonesia Time),Fri Jun 20 2025 10:44:33 GMT+0700 (Western Indonesia Time)
323,M35303-D.Brown,191,5,,Fri Jun 20 2025 10:44:49 GMT+0700 (Western Indonesia Time),Fri Jun 20 2025 10:44:49 GMT+0700 (Western Indonesia Time)
324,M35303-Camel,191,5,,Fri Jun 20 2025 10:45:08 GMT+0700 (Western Indonesia Time),Fri Jun 20 2025 10:45:08 GMT+0700 (Western Indonesia Time)
325,M59501-Tan,28,5,,Fri Jun 20 2025 11:06:03 GMT+0700 (Western Indonesia Time),Fri Jun 20 2025 11:06:03 GMT+0700 (Western Indonesia Time)
326,BN10202-Mocca/Black/Cream,192,5,,Fri Jun 20 2025 15:29:05 GMT+0700 (Western Indonesia Time),Fri Jun 20 2025 15:29:05 GMT+0700 (Western Indonesia Time)
327,M35401-Black,184,5,,Sat Jun 21 2025 08:17:08 GMT+0700 (Western Indonesia Time),Sat Jun 21 2025 08:17:08 GMT+0700 (Western Indonesia Time)
328,A95218-Black,193,5,,Sat Jun 21 2025 08:18:00 GMT+0700 (Western Indonesia Time),Sat Jun 21 2025 08:18:00 GMT+0700 (Western Indonesia Time)
329,AZ95411-Tan,167,5,,Sat Jun 21 2025 08:18:19 GMT+0700 (Western Indonesia Time),Sat Jun 21 2025 08:18:19 GMT+0700 (Western Indonesia Time)
330,MT11485-Black,41,5,,Sat Jun 21 2025 08:18:45 GMT+0700 (Western Indonesia Time),Sat Jun 21 2025 08:18:45 GMT+0700 (Western Indonesia Time)
331,K14402-D.Brown,194,5,,Sat Jun 21 2025 08:19:25 GMT+0700 (Western Indonesia Time),Sat Jun 21 2025 08:19:25 GMT+0700 (Western Indonesia Time)
332,M59212-Tan,187,5,,Sat Jun 21 2025 08:19:42 GMT+0700 (Western Indonesia Time),Sat Jun 21 2025 08:19:42 GMT+0700 (Western Indonesia Time)
333,A46402ST-D.Brown/Tan,195,5,,Mon Jun 23 2025 08:07:55 GMT+0700 (Western Indonesia Time),Mon Jun 23 2025 08:07:55 GMT+0700 (Western Indonesia Time)
334,B00302-Maroon/Black,196,5,,Mon Jun 23 2025 10:00:26 GMT+0700 (Western Indonesia Time),Mon Jun 23 2025 10:00:26 GMT+0700 (Western Indonesia Time)
336,A28201-D.Brown,198,5,,Tue Jun 24 2025 08:16:31 GMT+0700 (Western Indonesia Time),Tue Jun 24 2025 08:16:31 GMT+0700 (Western Indonesia Time)
337,T05603-Tan/Black/White/Blue,172,5,,Tue Jun 24 2025 08:17:17 GMT+0700 (Western Indonesia Time),Tue Jun 24 2025 08:17:17 GMT+0700 (Western Indonesia Time)
338,DN57501-Camel,111,5,,Tue Jun 24 2025 08:25:57 GMT+0700 (Western Indonesia Time),Tue Jun 24 2025 08:25:57 GMT+0700 (Western Indonesia Time)
339,A92235-D.Brown Polos,6,5,,Tue Jun 24 2025 08:32:10 GMT+0700 (Western Indonesia Time),Tue Jun 24 2025 08:32:10 GMT+0700 (Western Indonesia Time)
340,A17214-Tan,162,5,,Tue Jun 24 2025 08:54:25 GMT+0700 (Western Indonesia Time),Tue Jun 24 2025 08:54:25 GMT+0700 (Western Indonesia Time)
341,T05602-Tan/Black/White/Blue,165,5,,Tue Jun 24 2025 09:15:21 GMT+0700 (Western Indonesia Time),Tue Jun 24 2025 09:15:21 GMT+0700 (Western Indonesia Time)
342,A92306-Black,200,5,,Tue Jun 24 2025 11:24:30 GMT+0700 (Western Indonesia Time),Tue Jun 24 2025 11:24:30 GMT+0700 (Western Indonesia Time)
343,AT01208-Black,91,5,,Wed Jun 25 2025 07:59:09 GMT+0700 (Western Indonesia Time),Wed Jun 25 2025 07:59:09 GMT+0700 (Western Indonesia Time)
344,F35303-Tan,191,5,,Wed Jun 25 2025 08:18:30 GMT+0700 (Western Indonesia Time),Wed Jun 25 2025 08:18:30 GMT+0700 (Western Indonesia Time)
346,MP92232-Maroon,201,5,,Wed Jun 25 2025 09:40:51 GMT+0700 (Western Indonesia Time),Wed Jun 25 2025 09:40:51 GMT+0700 (Western Indonesia Time)
347,M15610-Camel,202,5,,Wed Jun 25 2025 13:37:45 GMT+0700 (Western Indonesia Time),Wed Jun 25 2025 13:37:45 GMT+0700 (Western Indonesia Time)
348,MP95206-Tan,203,5,,Wed Jun 25 2025 13:38:24 GMT+0700 (Western Indonesia Time),Wed Jun 25 2025 13:38:24 GMT+0700 (Western Indonesia Time)
349,B00403-Black,204,5,,Thu Jun 26 2025 14:02:53 GMT+0700 (Western Indonesia Time),Thu Jun 26 2025 14:02:53 GMT+0700 (Western Indonesia Time)
352,B02702-Black,205,5,,Sat Jun 28 2025 08:58:29 GMT+0700 (Western Indonesia Time),Sat Jun 28 2025 08:58:29 GMT+0700 (Western Indonesia Time)
353,T97402-Maroon,206,5,,Sat Jun 28 2025 08:59:48 GMT+0700 (Western Indonesia Time),Sat Jun 28 2025 08:59:48 GMT+0700 (Western Indonesia Time)
295,K11503-D.Brown/Camel,36,5,,Tue Jun 17 2025 08:20:34 GMT+0700 (Western Indonesia Time),Sat Jun 28 2025 09:03:42 GMT+0700 (Western Indonesia Time)
354,A92912-L.Brown/D.Brown,46,5,,Sat Jun 28 2025 09:04:46 GMT+0700 (Western Indonesia Time),Sat Jun 28 2025 09:04:46 GMT+0700 (Western Indonesia Time)
355,A28202-Camel,133,5,,Mon Jun 30 2025 08:52:48 GMT+0700 (Western Indonesia Time),Mon Jun 30 2025 08:52:48 GMT+0700 (Western Indonesia Time)
356,M54101-D.Brown,207,5,,Mon Jun 30 2025 08:54:17 GMT+0700 (Western Indonesia Time),Mon Jun 30 2025 08:54:17 GMT+0700 (Western Indonesia Time)
357,MP98502-Maroon,208,5,,Mon Jun 30 2025 08:55:30 GMT+0700 (Western Indonesia Time),Mon Jun 30 2025 08:55:30 GMT+0700 (Western Indonesia Time)
359,M65112-Tan,210,5,,Mon Jun 30 2025 08:56:41 GMT+0700 (Western Indonesia Time),Mon Jun 30 2025 08:56:41 GMT+0700 (Western Indonesia Time)
360,A05203-D.Brown/Tan,211,5,,Mon Jun 30 2025 09:08:13 GMT+0700 (Western Indonesia Time),Mon Jun 30 2025 09:08:13 GMT+0700 (Western Indonesia Time)
361,A05211-D.Brown,212,5,,Mon Jun 30 2025 09:08:51 GMT+0700 (Western Indonesia Time),Mon Jun 30 2025 09:08:51 GMT+0700 (Western Indonesia Time)
362,DN57105-Black,74,5,,Mon Jun 30 2025 09:09:51 GMT+0700 (Western Indonesia Time),Mon Jun 30 2025 09:09:51 GMT+0700 (Western Indonesia Time)
363,A92245-Black,213,5,,Mon Jun 30 2025 09:10:37 GMT+0700 (Western Indonesia Time),Mon Jun 30 2025 09:10:37 GMT+0700 (Western Indonesia Time)
345,M92207-Tan/Brown,85,5,,Wed Jun 25 2025 09:35:40 GMT+0700 (Western Indonesia Time),Mon Jul 14 2025 09:41:26 GMT+0700 (Western Indonesia Time)
287,FP65108-Brown,33,5,,Sat Jun 14 2025 08:25:25 GMT+0700 (Western Indonesia Time),Mon Jul 21 2025 09:07:43 GMT+0700 (Western Indonesia Time)
262,FT28208-Maroon/D.Brown,134,5,,Mon Jun 09 2025 08:38:52 GMT+0700 (Western Indonesia Time),Tue Jul 22 2025 08:35:31 GMT+0700 (Western Indonesia Time)
294,FP65201-D.Brown,181,5,,Mon Jun 16 2025 11:23:45 GMT+0700 (Western Indonesia Time),Mon Jul 28 2025 09:56:57 GMT+0700 (Western Indonesia Time)
264,T05603-Maroon/Black,172,5,,Mon Jun 09 2025 08:41:15 GMT+0700 (Western Indonesia Time),Wed Aug 13 2025 08:06:35 GMT+0700 (Western Indonesia Time)
335,A13202-Tan/D.Brown,197,5,,Mon Jun 23 2025 11:33:03 GMT+0700 (Western Indonesia Time),Mon Aug 25 2025 10:21:11 GMT+0700 (Western Indonesia Time)
312,A92912-D.Brown/D.Brown,46,5,,Thu Jun 19 2025 10:47:24 GMT+0700 (Western Indonesia Time),Sat Sep 20 2025 11:50:59 GMT+0700 (Western Indonesia Time)
286,A16202-L.Brown ,115,5,,Fri Jun 13 2025 08:21:04 GMT+0700 (Western Indonesia Time),Mon Sep 22 2025 09:17:52 GMT+0700 (Western Indonesia Time)
277,M64106-D.Brown,175,5,,Thu Jun 12 2025 08:14:24 GMT+0700 (Western Indonesia Time),Tue Sep 23 2025 11:33:03 GMT+0700 (Western Indonesia Time)
351,AZ95218-Camel/Camel,193,5,,Sat Jun 28 2025 08:57:50 GMT+0700 (Western Indonesia Time),Thu Oct 09 2025 09:11:58 GMT+0700 (Western Indonesia Time)
358,FP65202-Tan/Brown,209,5,,Mon Jun 30 2025 08:56:04 GMT+0700 (Western Indonesia Time),Tue Feb 03 2026 13:19:12 GMT+0700 (Western Indonesia Time)
364,A92246-D.Brown,49,5,,Mon Jun 30 2025 09:11:03 GMT+0700 (Western Indonesia Time),Mon Jun 30 2025 09:11:03 GMT+0700 (Western Indonesia Time)
365,A92249-L.Brown,121,5,,Mon Jun 30 2025 09:11:23 GMT+0700 (Western Indonesia Time),Mon Jun 30 2025 09:11:23 GMT+0700 (Western Indonesia Time)
366,M59601-Tan,148,5,,Mon Jun 30 2025 09:11:49 GMT+0700 (Western Indonesia Time),Mon Jun 30 2025 09:11:49 GMT+0700 (Western Indonesia Time)
367,F56601-Tan,27,5,,Mon Jun 30 2025 09:12:12 GMT+0700 (Western Indonesia Time),Mon Jun 30 2025 09:12:12 GMT+0700 (Western Indonesia Time)
369,M64605-Tan,30,5,,Mon Jun 30 2025 09:13:54 GMT+0700 (Western Indonesia Time),Mon Jun 30 2025 09:13:54 GMT+0700 (Western Indonesia Time)
370,K64601-D.Brown/D.Brown,215,5,,Mon Jun 30 2025 09:14:33 GMT+0700 (Western Indonesia Time),Mon Jun 30 2025 09:14:33 GMT+0700 (Western Indonesia Time)
371,A65207-D.Brown/Black,216,5,,Mon Jun 30 2025 09:15:14 GMT+0700 (Western Indonesia Time),Mon Jun 30 2025 09:15:14 GMT+0700 (Western Indonesia Time)
372,M15205-Camel,217,5,,Mon Jun 30 2025 09:16:00 GMT+0700 (Western Indonesia Time),Mon Jun 30 2025 09:16:00 GMT+0700 (Western Indonesia Time)
373,M15201-Tan,218,5,,Mon Jun 30 2025 09:16:25 GMT+0700 (Western Indonesia Time),Mon Jun 30 2025 09:16:25 GMT+0700 (Western Indonesia Time)
374,M15253-Tan,219,5,,Mon Jun 30 2025 09:16:59 GMT+0700 (Western Indonesia Time),Mon Jun 30 2025 09:16:59 GMT+0700 (Western Indonesia Time)
375,M56102-Tan/Camel Mill,54,5,,Mon Jun 30 2025 09:18:06 GMT+0700 (Western Indonesia Time),Mon Jun 30 2025 09:18:06 GMT+0700 (Western Indonesia Time)
376,M56101-Black Polos,214,5,,Mon Jun 30 2025 09:18:36 GMT+0700 (Western Indonesia Time),Mon Jun 30 2025 09:18:36 GMT+0700 (Western Indonesia Time)
377,M64139-Tan,220,5,,Mon Jun 30 2025 09:19:12 GMT+0700 (Western Indonesia Time),Mon Jun 30 2025 09:19:12 GMT+0700 (Western Indonesia Time)
378,B00608-Tan,135,5,,Mon Jun 30 2025 10:35:23 GMT+0700 (Western Indonesia Time),Mon Jun 30 2025 10:35:23 GMT+0700 (Western Indonesia Time)
379,BN09301-Tan/Brown,222,5,,Mon Jun 30 2025 13:09:13 GMT+0700 (Western Indonesia Time),Mon Jun 30 2025 13:09:40 GMT+0700 (Western Indonesia Time)
380,M45504ST-Black,89,5,,Mon Jun 30 2025 13:10:17 GMT+0700 (Western Indonesia Time),Mon Jun 30 2025 13:18:14 GMT+0700 (Western Indonesia Time)
350,AX45201ST-Camel/D.Brown,60,5,,Thu Jun 26 2025 14:03:59 GMT+0700 (Western Indonesia Time),Mon Jun 30 2025 13:19:10 GMT+0700 (Western Indonesia Time)
381,P92250-Nuss,35,5,,Mon Jun 30 2025 14:23:55 GMT+0700 (Western Indonesia Time),Mon Jun 30 2025 14:23:55 GMT+0700 (Western Indonesia Time)
382,A13401-L.Brown,223,5,,Mon Jun 30 2025 14:26:41 GMT+0700 (Western Indonesia Time),Mon Jun 30 2025 14:26:41 GMT+0700 (Western Indonesia Time)
383,B00601-Taupe,140,5,,Mon Jun 30 2025 16:13:52 GMT+0700 (Western Indonesia Time),Mon Jun 30 2025 16:13:52 GMT+0700 (Western Indonesia Time)
384,F92402-Tan/D.Brown,224,5,,Tue Jul 01 2025 08:27:05 GMT+0700 (Western Indonesia Time),Tue Jul 01 2025 08:27:05 GMT+0700 (Western Indonesia Time)
385,M15253-Black,219,5,,Tue Jul 01 2025 14:30:12 GMT+0700 (Western Indonesia Time),Tue Jul 01 2025 14:30:12 GMT+0700 (Western Indonesia Time)
386,M56601-Black,27,5,,Tue Jul 01 2025 14:32:35 GMT+0700 (Western Indonesia Time),Tue Jul 01 2025 14:32:35 GMT+0700 (Western Indonesia Time)
388,A46404ST-Camel/D.Brown,43,5,,Wed Jul 02 2025 15:37:31 GMT+0700 (Western Indonesia Time),Wed Jul 02 2025 15:37:31 GMT+0700 (Western Indonesia Time)
389,MP95926-Maroon/D.Brown,226,5,,Thu Jul 03 2025 09:10:47 GMT+0700 (Western Indonesia Time),Thu Jul 03 2025 09:10:47 GMT+0700 (Western Indonesia Time)
387,BN09403-Nugget/Brown/Black,225,5,,Wed Jul 02 2025 11:31:50 GMT+0700 (Western Indonesia Time),Thu Jul 03 2025 10:22:49 GMT+0700 (Western Indonesia Time)
390,M92406-Black,63,5,,Thu Jul 03 2025 14:06:02 GMT+0700 (Western Indonesia Time),Thu Jul 03 2025 14:06:02 GMT+0700 (Western Indonesia Time)
391,A65207-Tan/Black,216,5,,Thu Jul 03 2025 14:06:41 GMT+0700 (Western Indonesia Time),Thu Jul 03 2025 14:06:41 GMT+0700 (Western Indonesia Time)
392,A65207-L.Brown/Black,216,5,,Thu Jul 03 2025 14:07:25 GMT+0700 (Western Indonesia Time),Thu Jul 03 2025 14:07:25 GMT+0700 (Western Indonesia Time)
393,A92235-Tan Polos,6,5,,Thu Jul 03 2025 14:14:07 GMT+0700 (Western Indonesia Time),Thu Jul 03 2025 14:14:07 GMT+0700 (Western Indonesia Time)
395,A64211-D.Brown,26,5,,Thu Jul 03 2025 16:03:13 GMT+0700 (Western Indonesia Time),Thu Jul 03 2025 16:03:13 GMT+0700 (Western Indonesia Time)
396,K86235-Black,228,5,,Fri Jul 04 2025 08:27:09 GMT+0700 (Western Indonesia Time),Fri Jul 04 2025 08:27:09 GMT+0700 (Western Indonesia Time)
397,A11906-D.Brown/D.Brown,14,5,,Fri Jul 04 2025 12:59:22 GMT+0700 (Western Indonesia Time),Fri Jul 04 2025 12:59:22 GMT+0700 (Western Indonesia Time)
398,M92232-Black,201,5,,Sat Jul 05 2025 08:06:41 GMT+0700 (Western Indonesia Time),Sat Jul 05 2025 08:06:41 GMT+0700 (Western Indonesia Time)
399,A93203-D.Brown,229,5,,Sat Jul 05 2025 09:25:29 GMT+0700 (Western Indonesia Time),Sat Jul 05 2025 09:25:29 GMT+0700 (Western Indonesia Time)
400,A93204-D.Brown,230,5,,Sat Jul 05 2025 09:25:58 GMT+0700 (Western Indonesia Time),Sat Jul 05 2025 09:25:58 GMT+0700 (Western Indonesia Time)
401,M56112-Black,231,5,,Sat Jul 05 2025 10:26:51 GMT+0700 (Western Indonesia Time),Sat Jul 05 2025 10:26:51 GMT+0700 (Western Indonesia Time)
402,M86234-Black,232,5,,Wed Jul 09 2025 09:11:10 GMT+0700 (Western Indonesia Time),Wed Jul 09 2025 09:11:10 GMT+0700 (Western Indonesia Time)
403,C57602-Black,76,5,,Wed Jul 09 2025 09:11:42 GMT+0700 (Western Indonesia Time),Wed Jul 09 2025 09:11:42 GMT+0700 (Western Indonesia Time)
404,T96402-Maroon,234,5,,Wed Jul 09 2025 09:12:16 GMT+0700 (Western Indonesia Time),Wed Jul 09 2025 09:12:16 GMT+0700 (Western Indonesia Time)
405,K31250-Black,235,5,,Wed Jul 09 2025 09:12:47 GMT+0700 (Western Indonesia Time),Wed Jul 09 2025 09:12:47 GMT+0700 (Western Indonesia Time)
407,MP19601-Tan,155,5,,Wed Jul 09 2025 09:15:03 GMT+0700 (Western Indonesia Time),Wed Jul 09 2025 09:15:03 GMT+0700 (Western Indonesia Time)
408,A14202-L.Brown,238,5,,Wed Jul 09 2025 09:16:41 GMT+0700 (Western Indonesia Time),Wed Jul 09 2025 09:16:41 GMT+0700 (Western Indonesia Time)
409,A92406-Camel,63,5,,Wed Jul 09 2025 09:17:29 GMT+0700 (Western Indonesia Time),Wed Jul 09 2025 09:17:29 GMT+0700 (Western Indonesia Time)
410,MT01208-Tan,91,5,,Wed Jul 09 2025 09:19:32 GMT+0700 (Western Indonesia Time),Wed Jul 09 2025 09:19:32 GMT+0700 (Western Indonesia Time)
411,M92207-Brown/Black,85,5,,Wed Jul 09 2025 09:24:22 GMT+0700 (Western Indonesia Time),Wed Jul 09 2025 09:24:22 GMT+0700 (Western Indonesia Time)
406,A92521-L.Brown/D.Brown,236,5,,Wed Jul 09 2025 09:13:47 GMT+0700 (Western Indonesia Time),Wed Jul 09 2025 09:32:08 GMT+0700 (Western Indonesia Time)
412,T00903-Cream,239,5,,Wed Jul 09 2025 10:45:28 GMT+0700 (Western Indonesia Time),Wed Jul 09 2025 10:45:28 GMT+0700 (Western Indonesia Time)
413,C57601-Black,75,5,,Wed Jul 09 2025 14:57:11 GMT+0700 (Western Indonesia Time),Wed Jul 09 2025 14:57:11 GMT+0700 (Western Indonesia Time)
414,M93204-Black,230,5,,Wed Jul 09 2025 14:57:57 GMT+0700 (Western Indonesia Time),Wed Jul 09 2025 14:57:57 GMT+0700 (Western Indonesia Time)
415,A95205-Camel Bintik,240,5,,Thu Jul 10 2025 09:04:27 GMT+0700 (Western Indonesia Time),Thu Jul 10 2025 09:04:27 GMT+0700 (Western Indonesia Time)
417,M92251-Black,241,5,,Fri Jul 11 2025 13:02:41 GMT+0700 (Western Indonesia Time),Fri Jul 11 2025 13:02:41 GMT+0700 (Western Indonesia Time)
418,A92240-L.Brown,242,5,,Fri Jul 11 2025 13:03:11 GMT+0700 (Western Indonesia Time),Fri Jul 11 2025 13:03:11 GMT+0700 (Western Indonesia Time)
420,A13204-L.Brown,244,5,,Sat Jul 12 2025 09:36:00 GMT+0700 (Western Indonesia Time),Sat Jul 12 2025 09:36:00 GMT+0700 (Western Indonesia Time)
421,M59601-D.Brown,148,5,,Sat Jul 12 2025 09:37:20 GMT+0700 (Western Indonesia Time),Sat Jul 12 2025 09:37:20 GMT+0700 (Western Indonesia Time)
422,M59401-Nuss,163,5,,Sat Jul 12 2025 13:55:27 GMT+0700 (Western Indonesia Time),Sat Jul 12 2025 13:55:27 GMT+0700 (Western Indonesia Time)
423,B00606-Taupe,130,5,,Mon Jul 14 2025 09:37:27 GMT+0700 (Western Indonesia Time),Mon Jul 14 2025 09:37:27 GMT+0700 (Western Indonesia Time)
424,A13503-D.Brown,245,5,,Mon Jul 14 2025 09:38:58 GMT+0700 (Western Indonesia Time),Mon Jul 14 2025 09:38:58 GMT+0700 (Western Indonesia Time)
425,BN10201-Cream,246,5,,Mon Jul 14 2025 09:40:11 GMT+0700 (Western Indonesia Time),Mon Jul 14 2025 09:40:11 GMT+0700 (Western Indonesia Time)
426,MT11486-Camel,18,5,,Mon Jul 14 2025 09:40:38 GMT+0700 (Western Indonesia Time),Mon Jul 14 2025 09:40:38 GMT+0700 (Western Indonesia Time)
427,MO11227-D.Brown,110,5,,Mon Jul 14 2025 09:41:04 GMT+0700 (Western Indonesia Time),Mon Jul 14 2025 09:41:04 GMT+0700 (Western Indonesia Time)
368,F56101-Tan/Tan,214,5,,Mon Jun 30 2025 09:12:52 GMT+0700 (Western Indonesia Time),Mon Jul 14 2025 09:41:51 GMT+0700 (Western Indonesia Time)
428,A11486-L.Brown,18,5,,Tue Jul 15 2025 11:07:20 GMT+0700 (Western Indonesia Time),Tue Jul 15 2025 11:07:20 GMT+0700 (Western Indonesia Time)
429,A41602-L.Brown/Black,147,5,,Tue Jul 15 2025 11:58:08 GMT+0700 (Western Indonesia Time),Tue Jul 15 2025 11:58:08 GMT+0700 (Western Indonesia Time)
430,M20203-D.Brown,119,5,,Tue Jul 15 2025 13:21:28 GMT+0700 (Western Indonesia Time),Tue Jul 15 2025 13:21:28 GMT+0700 (Western Indonesia Time)
431,K83260-Nuss,120,5,,Tue Jul 15 2025 16:53:48 GMT+0700 (Western Indonesia Time),Tue Jul 15 2025 16:53:48 GMT+0700 (Western Indonesia Time)
432,C57502-Black,112,5,,Wed Jul 16 2025 09:16:25 GMT+0700 (Western Indonesia Time),Wed Jul 16 2025 09:16:25 GMT+0700 (Western Indonesia Time)
434,A11502-Tan,5,5,,Wed Jul 16 2025 13:03:15 GMT+0700 (Western Indonesia Time),Wed Jul 16 2025 13:03:15 GMT+0700 (Western Indonesia Time)
435,A92905-L.Brown/D.Brown,247,5,,Thu Jul 17 2025 08:16:18 GMT+0700 (Western Indonesia Time),Thu Jul 17 2025 08:16:18 GMT+0700 (Western Indonesia Time)
436,M20202-Black,118,5,,Thu Jul 17 2025 09:14:02 GMT+0700 (Western Indonesia Time),Thu Jul 17 2025 09:14:02 GMT+0700 (Western Indonesia Time)
437,M56601-Tan,27,5,,Thu Jul 17 2025 09:16:30 GMT+0700 (Western Indonesia Time),Thu Jul 17 2025 09:16:30 GMT+0700 (Western Indonesia Time)
438,A02902-D.Coffee,248,5,,Thu Jul 17 2025 11:06:00 GMT+0700 (Western Indonesia Time),Thu Jul 17 2025 11:06:00 GMT+0700 (Western Indonesia Time)
439,A02411-Tan,179,5,,Thu Jul 17 2025 11:12:11 GMT+0700 (Western Indonesia Time),Thu Jul 17 2025 11:12:11 GMT+0700 (Western Indonesia Time)
440,A92634-D.Brown/D.Brown,64,5,,Fri Jul 18 2025 08:03:52 GMT+0700 (Western Indonesia Time),Fri Jul 18 2025 08:03:52 GMT+0700 (Western Indonesia Time)
441,MP95925-Maroon,249,5,,Fri Jul 18 2025 10:32:58 GMT+0700 (Western Indonesia Time),Fri Jul 18 2025 10:32:58 GMT+0700 (Western Indonesia Time)
442,B00607-Tan,131,5,,Fri Jul 18 2025 10:33:20 GMT+0700 (Western Indonesia Time),Fri Jul 18 2025 10:33:20 GMT+0700 (Western Indonesia Time)
443,A45218ST-Camel,250,5,,Fri Jul 18 2025 14:07:00 GMT+0700 (Western Indonesia Time),Fri Jul 18 2025 14:08:05 GMT+0700 (Western Indonesia Time)
444,A59301-Tan,51,5,,Sat Jul 19 2025 09:19:33 GMT+0700 (Western Indonesia Time),Sat Jul 19 2025 09:19:33 GMT+0700 (Western Indonesia Time)
445,A02412ST-Tan,7,5,,Sat Jul 19 2025 09:24:13 GMT+0700 (Western Indonesia Time),Sat Jul 19 2025 09:24:13 GMT+0700 (Western Indonesia Time)
446,M91712-Black,20,5,,Sat Jul 19 2025 12:59:06 GMT+0700 (Western Indonesia Time),Sat Jul 19 2025 12:59:06 GMT+0700 (Western Indonesia Time)
447,M64121-Black,32,5,,Mon Jul 21 2025 09:05:32 GMT+0700 (Western Indonesia Time),Mon Jul 21 2025 09:05:32 GMT+0700 (Western Indonesia Time)
448,M64501-Camel,122,5,,Mon Jul 21 2025 09:06:01 GMT+0700 (Western Indonesia Time),Mon Jul 21 2025 09:06:01 GMT+0700 (Western Indonesia Time)
449,M64602-D.Brown,11,5,,Mon Jul 21 2025 09:07:00 GMT+0700 (Western Indonesia Time),Mon Jul 21 2025 09:07:00 GMT+0700 (Western Indonesia Time)
450,M64605-D.Brown,30,5,,Mon Jul 21 2025 09:07:19 GMT+0700 (Western Indonesia Time),Mon Jul 21 2025 09:07:19 GMT+0700 (Western Indonesia Time)
451,M64107-Black,150,5,,Mon Jul 21 2025 09:57:48 GMT+0700 (Western Indonesia Time),Mon Jul 21 2025 09:57:48 GMT+0700 (Western Indonesia Time)
452,M15104-Camel,102,5,,Mon Jul 21 2025 16:00:53 GMT+0700 (Western Indonesia Time),Mon Jul 21 2025 16:00:53 GMT+0700 (Western Indonesia Time)
453,M15251-Black,251,5,,Mon Jul 21 2025 16:03:38 GMT+0700 (Western Indonesia Time),Mon Jul 21 2025 16:03:38 GMT+0700 (Western Indonesia Time)
454,M15251-D.Brown,251,5,,Mon Jul 21 2025 16:03:57 GMT+0700 (Western Indonesia Time),Mon Jul 21 2025 16:03:57 GMT+0700 (Western Indonesia Time)
455,K69203-Black,253,5,,Mon Jul 21 2025 16:04:41 GMT+0700 (Western Indonesia Time),Mon Jul 21 2025 16:04:41 GMT+0700 (Western Indonesia Time)
456,M92246-Black,49,5,,Mon Jul 21 2025 16:05:03 GMT+0700 (Western Indonesia Time),Mon Jul 21 2025 16:05:03 GMT+0700 (Western Indonesia Time)
457,M31251-Black,254,5,,Mon Jul 21 2025 16:05:41 GMT+0700 (Western Indonesia Time),Mon Jul 21 2025 16:05:41 GMT+0700 (Western Indonesia Time)
458,M15226-Black,255,5,,Mon Jul 21 2025 16:06:10 GMT+0700 (Western Indonesia Time),Mon Jul 21 2025 16:06:10 GMT+0700 (Western Indonesia Time)
460,MP45206ST-Tan,34,5,,Tue Jul 22 2025 08:36:03 GMT+0700 (Western Indonesia Time),Tue Jul 22 2025 08:36:03 GMT+0700 (Western Indonesia Time)
461,F41203-Tan,97,5,,Tue Jul 22 2025 15:12:28 GMT+0700 (Western Indonesia Time),Tue Jul 22 2025 15:12:28 GMT+0700 (Western Indonesia Time)
462,K41202-D.Brown/Black,257,5,,Tue Jul 22 2025 15:13:39 GMT+0700 (Western Indonesia Time),Tue Jul 22 2025 15:13:39 GMT+0700 (Western Indonesia Time)
463,F98206-Tan,258,5,,Tue Jul 22 2025 15:14:05 GMT+0700 (Western Indonesia Time),Tue Jul 22 2025 15:14:05 GMT+0700 (Western Indonesia Time)
464,M98504-Black,259,5,,Tue Jul 22 2025 15:26:44 GMT+0700 (Western Indonesia Time),Tue Jul 22 2025 15:26:44 GMT+0700 (Western Indonesia Time)
465,M41401-Black,59,5,,Tue Jul 22 2025 15:27:06 GMT+0700 (Western Indonesia Time),Tue Jul 22 2025 15:27:06 GMT+0700 (Western Indonesia Time)
466,A65119-L.Brown,261,5,,Tue Jul 22 2025 15:28:01 GMT+0700 (Western Indonesia Time),Tue Jul 22 2025 15:28:01 GMT+0700 (Western Indonesia Time)
467,AX95205-Tan Bintik,240,5,,Wed Jul 23 2025 08:01:21 GMT+0700 (Western Indonesia Time),Wed Jul 23 2025 08:01:21 GMT+0700 (Western Indonesia Time)
469,C57201-Black,78,5,,Wed Jul 23 2025 14:54:05 GMT+0700 (Western Indonesia Time),Wed Jul 23 2025 14:54:05 GMT+0700 (Western Indonesia Time)
459,M92403-D.Brown/L.Brown,256,5,,Mon Jul 21 2025 16:06:53 GMT+0700 (Western Indonesia Time),Sat Jul 26 2025 14:06:51 GMT+0700 (Western Indonesia Time)
433,BN10201-Nugget/Black/L.Grey,246,5,,Wed Jul 16 2025 10:36:28 GMT+0700 (Western Indonesia Time),Tue Sep 16 2025 08:23:36 GMT+0700 (Western Indonesia Time)
394,A98506-D.Brown/Tan,227,5,,Thu Jul 03 2025 15:44:32 GMT+0700 (Western Indonesia Time),Fri Sep 26 2025 14:06:34 GMT+0700 (Western Indonesia Time)
416,A02202-D.Brown/D.Brown,58,5,,Fri Jul 11 2025 13:02:07 GMT+0700 (Western Indonesia Time),Tue Dec 30 2025 09:05:12 GMT+0700 (Western Indonesia Time)
419,A05206-Street/Black,243,5,,Sat Jul 12 2025 09:35:17 GMT+0700 (Western Indonesia Time),Tue Dec 30 2025 09:06:21 GMT+0700 (Western Indonesia Time)
468,A95205-Tan Bintik,240,5,,Wed Jul 23 2025 14:47:03 GMT+0700 (Western Indonesia Time),Wed Jul 23 2025 15:31:07 GMT+0700 (Western Indonesia Time)
470,A13203-D.Brown,262,5,,Wed Jul 23 2025 15:53:48 GMT+0700 (Western Indonesia Time),Wed Jul 23 2025 15:53:48 GMT+0700 (Western Indonesia Time)
471,M83212-Black,263,5,,Thu Jul 24 2025 08:20:14 GMT+0700 (Western Indonesia Time),Thu Jul 24 2025 08:20:14 GMT+0700 (Western Indonesia Time)
472,AX45201ST-Tan/D.Brown,60,5,,Thu Jul 24 2025 08:20:57 GMT+0700 (Western Indonesia Time),Thu Jul 24 2025 08:20:57 GMT+0700 (Western Indonesia Time)
473,A46404-D.Brown,264,5,,Thu Jul 24 2025 11:55:20 GMT+0700 (Western Indonesia Time),Thu Jul 24 2025 11:55:20 GMT+0700 (Western Indonesia Time)
474,A46404-Black,264,5,,Thu Jul 24 2025 11:55:36 GMT+0700 (Western Indonesia Time),Thu Jul 24 2025 11:55:36 GMT+0700 (Western Indonesia Time)
475,A46404-Tan,264,5,,Fri Jul 25 2025 09:23:33 GMT+0700 (Western Indonesia Time),Fri Jul 25 2025 09:23:33 GMT+0700 (Western Indonesia Time)
476,M92245-D.Brown,213,5,,Fri Jul 25 2025 09:24:19 GMT+0700 (Western Indonesia Time),Fri Jul 25 2025 09:24:19 GMT+0700 (Western Indonesia Time)
477,G00401-Black,88,5,,Fri Jul 25 2025 16:17:57 GMT+0700 (Western Indonesia Time),Fri Jul 25 2025 16:17:57 GMT+0700 (Western Indonesia Time)
478,G00201-Black,266,5,,Fri Jul 25 2025 16:18:29 GMT+0700 (Western Indonesia Time),Fri Jul 25 2025 16:18:29 GMT+0700 (Western Indonesia Time)
479,G00501-Black,267,5,,Fri Jul 25 2025 16:19:01 GMT+0700 (Western Indonesia Time),Fri Jul 25 2025 16:19:01 GMT+0700 (Western Indonesia Time)
480,A13204-D.Brown,244,5,,Fri Jul 25 2025 16:20:50 GMT+0700 (Western Indonesia Time),Fri Jul 25 2025 16:20:50 GMT+0700 (Western Indonesia Time)
481,M64107-Tan,150,5,,Sat Jul 26 2025 08:08:56 GMT+0700 (Western Indonesia Time),Sat Jul 26 2025 08:08:56 GMT+0700 (Western Indonesia Time)
482,B03301-Taupe,139,5,,Sat Jul 26 2025 08:09:27 GMT+0700 (Western Indonesia Time),Sat Jul 26 2025 08:09:27 GMT+0700 (Western Indonesia Time)
483,FP65202-D.Brown/D.Brown,209,5,,Sat Jul 26 2025 08:43:14 GMT+0700 (Western Indonesia Time),Sat Jul 26 2025 08:43:14 GMT+0700 (Western Indonesia Time)
484,A02204-Black,268,5,,Mon Jul 28 2025 09:23:02 GMT+0700 (Western Indonesia Time),Mon Jul 28 2025 09:23:02 GMT+0700 (Western Indonesia Time)
485,A16204-L.Brown,269,5,,Mon Jul 28 2025 09:23:42 GMT+0700 (Western Indonesia Time),Mon Jul 28 2025 09:23:42 GMT+0700 (Western Indonesia Time)
486,B00602-Street,146,5,,Mon Jul 28 2025 09:24:16 GMT+0700 (Western Indonesia Time),Mon Jul 28 2025 09:24:16 GMT+0700 (Western Indonesia Time)
487,AZ95411-L.Brown,167,5,,Mon Jul 28 2025 09:25:07 GMT+0700 (Western Indonesia Time),Mon Jul 28 2025 09:25:07 GMT+0700 (Western Indonesia Time)
488,MZ95219-Cream,270,5,,Mon Jul 28 2025 09:43:51 GMT+0700 (Western Indonesia Time),Mon Jul 28 2025 09:43:51 GMT+0700 (Western Indonesia Time)
489,A91712-Brown,20,5,,Mon Jul 28 2025 09:56:25 GMT+0700 (Western Indonesia Time),Mon Jul 28 2025 09:56:25 GMT+0700 (Western Indonesia Time)
490,A65111-D.Coffee,271,5,,Mon Jul 28 2025 09:57:36 GMT+0700 (Western Indonesia Time),Mon Jul 28 2025 09:57:36 GMT+0700 (Western Indonesia Time)
491,K11503-Black,36,5,,Mon Jul 28 2025 10:05:45 GMT+0700 (Western Indonesia Time),Mon Jul 28 2025 10:05:45 GMT+0700 (Western Indonesia Time)
492,M92213-Black,272,5,,Mon Jul 28 2025 10:11:32 GMT+0700 (Western Indonesia Time),Mon Jul 28 2025 10:11:32 GMT+0700 (Western Indonesia Time)
493,M92607-Black/Black,273,5,,Mon Jul 28 2025 10:12:01 GMT+0700 (Western Indonesia Time),Mon Jul 28 2025 10:12:01 GMT+0700 (Western Indonesia Time)
494,M92607-Tan/D.Brown,273,5,,Mon Jul 28 2025 10:12:25 GMT+0700 (Western Indonesia Time),Mon Jul 28 2025 10:12:25 GMT+0700 (Western Indonesia Time)
495,A92223-Black,274,5,,Mon Jul 28 2025 10:13:00 GMT+0700 (Western Indonesia Time),Mon Jul 28 2025 10:13:00 GMT+0700 (Western Indonesia Time)
496,M15610-Black/Black,202,5,,Mon Jul 28 2025 10:13:26 GMT+0700 (Western Indonesia Time),Mon Jul 28 2025 10:13:26 GMT+0700 (Western Indonesia Time)
497,M59101-Tan,142,5,,Mon Jul 28 2025 10:13:48 GMT+0700 (Western Indonesia Time),Mon Jul 28 2025 10:13:48 GMT+0700 (Western Indonesia Time)
498,M59101-Camel,142,5,,Mon Jul 28 2025 10:14:07 GMT+0700 (Western Indonesia Time),Mon Jul 28 2025 10:14:07 GMT+0700 (Western Indonesia Time)
500,A41402-Tan,276,5,,Tue Jul 29 2025 09:30:55 GMT+0700 (Western Indonesia Time),Tue Jul 29 2025 09:30:55 GMT+0700 (Western Indonesia Time)
501,A65116-D.Brown/Tan,53,5,,Tue Jul 29 2025 09:33:21 GMT+0700 (Western Indonesia Time),Tue Jul 29 2025 09:33:21 GMT+0700 (Western Indonesia Time)
502,M35303-Tan,191,5,,Wed Jul 30 2025 08:27:08 GMT+0700 (Western Indonesia Time),Wed Jul 30 2025 08:27:08 GMT+0700 (Western Indonesia Time)
503,AX95520-Tan,277,5,,Wed Jul 30 2025 11:44:19 GMT+0700 (Western Indonesia Time),Wed Jul 30 2025 11:44:19 GMT+0700 (Western Indonesia Time)
504,BN09203-Black/Grey,86,5,,Wed Jul 30 2025 14:25:17 GMT+0700 (Western Indonesia Time),Wed Jul 30 2025 14:25:17 GMT+0700 (Western Indonesia Time)
505,K83251-Black,278,5,,Thu Jul 31 2025 08:07:16 GMT+0700 (Western Indonesia Time),Thu Jul 31 2025 08:07:16 GMT+0700 (Western Indonesia Time)
506,A92905-Tan/D.Brown,247,5,,Thu Jul 31 2025 11:42:29 GMT+0700 (Western Indonesia Time),Thu Jul 31 2025 11:42:29 GMT+0700 (Western Indonesia Time)
507,K41202-Black,257,5,,Thu Jul 31 2025 16:14:41 GMT+0700 (Western Indonesia Time),Thu Jul 31 2025 16:14:41 GMT+0700 (Western Indonesia Time)
508,T11485-Tan,41,5,,Thu Jul 31 2025 16:20:29 GMT+0700 (Western Indonesia Time),Thu Jul 31 2025 16:20:29 GMT+0700 (Western Indonesia Time)
510,KX95409-Brown,39,5,,Fri Aug 01 2025 08:13:28 GMT+0700 (Western Indonesia Time),Fri Aug 01 2025 08:13:28 GMT+0700 (Western Indonesia Time)
511,M11504-D.Brown/Black,279,5,,Sat Aug 02 2025 15:03:25 GMT+0700 (Western Indonesia Time),Sat Aug 02 2025 15:03:25 GMT+0700 (Western Indonesia Time)
512,C57603-Black,77,5,,Sat Aug 02 2025 15:03:41 GMT+0700 (Western Indonesia Time),Sat Aug 02 2025 15:03:41 GMT+0700 (Western Indonesia Time)
514,K92406-Nuss/Brown,63,5,,Mon Aug 04 2025 10:45:16 GMT+0700 (Western Indonesia Time),Mon Aug 04 2025 10:45:16 GMT+0700 (Western Indonesia Time)
515,A40203-Camel,280,5,,Tue Aug 05 2025 09:24:40 GMT+0700 (Western Indonesia Time),Tue Aug 05 2025 09:24:40 GMT+0700 (Western Indonesia Time)
516,M92421-Black,281,5,,Tue Aug 05 2025 10:15:00 GMT+0700 (Western Indonesia Time),Tue Aug 05 2025 10:15:00 GMT+0700 (Western Indonesia Time)
517,K00110-Taupe,282,5,,Wed Aug 06 2025 08:31:50 GMT+0700 (Western Indonesia Time),Wed Aug 06 2025 08:31:50 GMT+0700 (Western Indonesia Time)
518,A11888-Black,4,5,,Wed Aug 06 2025 08:32:53 GMT+0700 (Western Indonesia Time),Wed Aug 06 2025 08:32:53 GMT+0700 (Western Indonesia Time)
519,TN04602-Tan/Tan/Black,17,5,,Wed Aug 06 2025 08:37:04 GMT+0700 (Western Indonesia Time),Wed Aug 06 2025 08:37:04 GMT+0700 (Western Indonesia Time)
520,TN04602-Maroon/D.Brown/black,17,5,,Wed Aug 06 2025 08:37:37 GMT+0700 (Western Indonesia Time),Wed Aug 06 2025 08:37:37 GMT+0700 (Western Indonesia Time)
521,T04604-Maroon/Black/White/Blue,114,5,,Wed Aug 06 2025 08:43:17 GMT+0700 (Western Indonesia Time),Wed Aug 06 2025 08:43:17 GMT+0700 (Western Indonesia Time)
522,K98507-Black,124,5,,Thu Aug 07 2025 09:22:57 GMT+0700 (Western Indonesia Time),Thu Aug 07 2025 09:22:57 GMT+0700 (Western Indonesia Time)
513,K92207-D.Brown/Black,85,5,,Mon Aug 04 2025 09:41:07 GMT+0700 (Western Indonesia Time),Thu Aug 07 2025 09:23:16 GMT+0700 (Western Indonesia Time)
523,M91229-Black,283,5,,Thu Aug 07 2025 13:12:37 GMT+0700 (Western Indonesia Time),Thu Aug 07 2025 13:12:37 GMT+0700 (Western Indonesia Time)
524,K00702-Black,284,5,,Fri Aug 08 2025 09:08:56 GMT+0700 (Western Indonesia Time),Fri Aug 08 2025 09:08:56 GMT+0700 (Western Indonesia Time)
525,M65112-D.Brown,210,5,,Fri Aug 08 2025 09:09:57 GMT+0700 (Western Indonesia Time),Fri Aug 08 2025 09:09:57 GMT+0700 (Western Indonesia Time)
526,T04602-Maroon/D.Brown/White,17,5,,Fri Aug 08 2025 09:28:21 GMT+0700 (Western Indonesia Time),Fri Aug 08 2025 09:28:21 GMT+0700 (Western Indonesia Time)
527,M59122-Camel,285,5,,Fri Aug 08 2025 13:08:54 GMT+0700 (Western Indonesia Time),Fri Aug 08 2025 13:08:54 GMT+0700 (Western Indonesia Time)
528,AT11485-Black,41,5,,Fri Aug 08 2025 13:09:32 GMT+0700 (Western Indonesia Time),Fri Aug 08 2025 13:09:32 GMT+0700 (Western Indonesia Time)
529,MP41203-Tan,97,5,,Sat Aug 09 2025 15:01:49 GMT+0700 (Western Indonesia Time),Sat Aug 09 2025 15:01:49 GMT+0700 (Western Indonesia Time)
530,M59302-Black,68,5,,Mon Aug 11 2025 10:20:04 GMT+0700 (Western Indonesia Time),Mon Aug 11 2025 10:20:04 GMT+0700 (Western Indonesia Time)
531,K83260-D.Brown,120,5,,Mon Aug 11 2025 10:22:50 GMT+0700 (Western Indonesia Time),Mon Aug 11 2025 10:22:50 GMT+0700 (Western Indonesia Time)
532,MT11227-D.Brown,110,5,,Mon Aug 11 2025 10:27:15 GMT+0700 (Western Indonesia Time),Mon Aug 11 2025 10:27:15 GMT+0700 (Western Indonesia Time)
533,B03302-Black,143,5,,Tue Aug 12 2025 16:41:44 GMT+0700 (Western Indonesia Time),Tue Aug 12 2025 16:41:44 GMT+0700 (Western Indonesia Time)
534,F01901-Tan/D.Brown,287,5,,Tue Aug 12 2025 16:43:05 GMT+0700 (Western Indonesia Time),Tue Aug 12 2025 16:43:05 GMT+0700 (Western Indonesia Time)
535,A05203-Street Polos,211,5,,Thu Aug 14 2025 10:53:21 GMT+0700 (Western Indonesia Time),Thu Aug 14 2025 10:53:21 GMT+0700 (Western Indonesia Time)
536,M13202-Camel,197,5,,Thu Aug 14 2025 10:54:26 GMT+0700 (Western Indonesia Time),Thu Aug 14 2025 10:54:26 GMT+0700 (Western Indonesia Time)
537,K15601-Black/Black,48,5,,Thu Aug 14 2025 10:55:47 GMT+0700 (Western Indonesia Time),Thu Aug 14 2025 10:55:47 GMT+0700 (Western Indonesia Time)
539,MP46403-Maroon/Black,288,5,,Thu Aug 14 2025 10:57:05 GMT+0700 (Western Indonesia Time),Thu Aug 14 2025 10:57:05 GMT+0700 (Western Indonesia Time)
540,MP92251-Maroon,241,5,,Thu Aug 14 2025 10:57:32 GMT+0700 (Western Indonesia Time),Thu Aug 14 2025 10:57:32 GMT+0700 (Western Indonesia Time)
541,FP64607-Brown,55,5,,Thu Aug 14 2025 10:57:52 GMT+0700 (Western Indonesia Time),Thu Aug 14 2025 10:57:52 GMT+0700 (Western Indonesia Time)
542,K64605-Copper,30,5,,Thu Aug 14 2025 10:58:55 GMT+0700 (Western Indonesia Time),Thu Aug 14 2025 10:58:55 GMT+0700 (Western Indonesia Time)
543,FP65107-Tan,95,5,,Thu Aug 14 2025 10:59:13 GMT+0700 (Western Indonesia Time),Thu Aug 14 2025 10:59:13 GMT+0700 (Western Indonesia Time)
538,MP45504ST-Maroon,89,5,,Thu Aug 14 2025 10:56:09 GMT+0700 (Western Indonesia Time),Thu Aug 14 2025 11:00:50 GMT+0700 (Western Indonesia Time)
544,M56601-Camel,27,5,,Thu Aug 14 2025 11:04:57 GMT+0700 (Western Indonesia Time),Thu Aug 14 2025 11:04:57 GMT+0700 (Western Indonesia Time)
545,M92245-Black,213,5,,Thu Aug 14 2025 11:07:05 GMT+0700 (Western Indonesia Time),Thu Aug 14 2025 11:07:05 GMT+0700 (Western Indonesia Time)
546,M92235-Black Polos,6,5,,Thu Aug 14 2025 15:15:16 GMT+0700 (Western Indonesia Time),Thu Aug 14 2025 15:15:16 GMT+0700 (Western Indonesia Time)
547,M14403-D.Brown/Camel,289,5,,Thu Aug 14 2025 16:09:01 GMT+0700 (Western Indonesia Time),Thu Aug 14 2025 16:09:01 GMT+0700 (Western Indonesia Time)
548,A13201-L.Brown,290,5,,Fri Aug 15 2025 08:29:39 GMT+0700 (Western Indonesia Time),Fri Aug 15 2025 08:29:39 GMT+0700 (Western Indonesia Time)
549,MP11485-Tan,41,5,,Fri Aug 15 2025 09:32:09 GMT+0700 (Western Indonesia Time),Fri Aug 15 2025 09:32:09 GMT+0700 (Western Indonesia Time)
550,M14201-Camel,291,5,,Fri Aug 15 2025 09:32:41 GMT+0700 (Western Indonesia Time),Fri Aug 15 2025 09:32:41 GMT+0700 (Western Indonesia Time)
551,M14207-Camel,292,5,,Fri Aug 15 2025 09:33:10 GMT+0700 (Western Indonesia Time),Fri Aug 15 2025 09:33:10 GMT+0700 (Western Indonesia Time)
552,M14403-Camel/D.Brown,289,5,,Fri Aug 15 2025 09:33:42 GMT+0700 (Western Indonesia Time),Fri Aug 15 2025 09:33:42 GMT+0700 (Western Indonesia Time)
553,M15103-Black,107,5,,Fri Aug 15 2025 09:34:03 GMT+0700 (Western Indonesia Time),Fri Aug 15 2025 09:34:03 GMT+0700 (Western Indonesia Time)
554,K15205-Black,217,5,,Fri Aug 15 2025 09:34:24 GMT+0700 (Western Indonesia Time),Fri Aug 15 2025 09:34:24 GMT+0700 (Western Indonesia Time)
555,M92247-Black,47,5,,Fri Aug 15 2025 09:35:12 GMT+0700 (Western Indonesia Time),Fri Aug 15 2025 09:35:12 GMT+0700 (Western Indonesia Time)
556,T56601-Tan,27,5,,Fri Aug 15 2025 09:35:31 GMT+0700 (Western Indonesia Time),Fri Aug 15 2025 09:35:31 GMT+0700 (Western Indonesia Time)
557,K74201-Black,293,5,,Fri Aug 15 2025 09:36:31 GMT+0700 (Western Indonesia Time),Fri Aug 15 2025 09:36:31 GMT+0700 (Western Indonesia Time)
558,M65116-Black Polos,53,5,,Fri Aug 15 2025 09:46:10 GMT+0700 (Western Indonesia Time),Fri Aug 15 2025 09:46:10 GMT+0700 (Western Indonesia Time)
559,T45925-Tan Polos,294,5,,Sat Aug 16 2025 14:23:45 GMT+0700 (Western Indonesia Time),Sat Aug 16 2025 14:23:45 GMT+0700 (Western Indonesia Time)
560,AZ45925-Tan Polos,294,5,,Sat Aug 16 2025 14:24:02 GMT+0700 (Western Indonesia Time),Sat Aug 16 2025 14:24:02 GMT+0700 (Western Indonesia Time)
561,A41402-Coffee,276,5,,Sat Aug 16 2025 14:24:26 GMT+0700 (Western Indonesia Time),Sat Aug 16 2025 14:24:26 GMT+0700 (Western Indonesia Time)
562,MP11503-Maroon/Nuss,36,5,,Sat Aug 16 2025 14:24:49 GMT+0700 (Western Indonesia Time),Sat Aug 16 2025 14:24:49 GMT+0700 (Western Indonesia Time)
563,A18702-D.Brown,295,5,,Tue Aug 19 2025 13:23:29 GMT+0700 (Western Indonesia Time),Tue Aug 19 2025 13:23:29 GMT+0700 (Western Indonesia Time)
565,TX95504-Maroon,50,5,,Tue Aug 19 2025 13:26:39 GMT+0700 (Western Indonesia Time),Tue Aug 19 2025 13:26:39 GMT+0700 (Western Indonesia Time)
564,TX45504ST-Maroon,89,5,,Tue Aug 19 2025 13:26:19 GMT+0700 (Western Indonesia Time),Tue Aug 19 2025 13:27:13 GMT+0700 (Western Indonesia Time)
566,M83250-Black,296,5,,Tue Aug 19 2025 13:28:47 GMT+0700 (Western Indonesia Time),Tue Aug 19 2025 13:28:47 GMT+0700 (Western Indonesia Time)
567,F92235-Tan,6,5,,Wed Aug 20 2025 10:27:05 GMT+0700 (Western Indonesia Time),Wed Aug 20 2025 10:27:05 GMT+0700 (Western Indonesia Time)
568,MO11885-Black,297,5,,Wed Aug 20 2025 10:28:06 GMT+0700 (Western Indonesia Time),Wed Aug 20 2025 10:28:06 GMT+0700 (Western Indonesia Time)
569,A01402-Coffee/Camel,298,5,,Wed Aug 20 2025 10:28:48 GMT+0700 (Western Indonesia Time),Wed Aug 20 2025 10:28:48 GMT+0700 (Western Indonesia Time)
570,K72301-Black,299,5,,Wed Aug 20 2025 13:21:45 GMT+0700 (Western Indonesia Time),Wed Aug 20 2025 13:21:45 GMT+0700 (Western Indonesia Time)
571,A92231-Camel Polos,92,5,,Thu Aug 21 2025 08:31:53 GMT+0700 (Western Indonesia Time),Thu Aug 21 2025 08:31:53 GMT+0700 (Western Indonesia Time)
572,F98214-Tan,300,5,,Thu Aug 21 2025 15:35:50 GMT+0700 (Western Indonesia Time),Thu Aug 21 2025 15:35:50 GMT+0700 (Western Indonesia Time)
573,M98204-D.Brown,301,5,,Thu Aug 21 2025 15:36:19 GMT+0700 (Western Indonesia Time),Thu Aug 21 2025 15:36:19 GMT+0700 (Western Indonesia Time)
574,M98506-Tan/Black,227,5,,Thu Aug 21 2025 15:36:55 GMT+0700 (Western Indonesia Time),Thu Aug 21 2025 15:36:55 GMT+0700 (Western Indonesia Time)
575,M98215-Black,302,5,,Thu Aug 21 2025 15:37:37 GMT+0700 (Western Indonesia Time),Thu Aug 21 2025 15:37:37 GMT+0700 (Western Indonesia Time)
576,DN57602-Black,76,5,,Thu Aug 21 2025 15:38:03 GMT+0700 (Western Indonesia Time),Thu Aug 21 2025 15:38:03 GMT+0700 (Western Indonesia Time)
577,M15255-Black,303,5,,Thu Aug 21 2025 15:38:50 GMT+0700 (Western Indonesia Time),Thu Aug 21 2025 15:38:50 GMT+0700 (Western Indonesia Time)
578,M92709-Black,304,5,,Thu Aug 21 2025 15:39:24 GMT+0700 (Western Indonesia Time),Thu Aug 21 2025 15:39:24 GMT+0700 (Western Indonesia Time)
579,M11484-D.Brown,305,5,,Thu Aug 21 2025 15:39:53 GMT+0700 (Western Indonesia Time),Thu Aug 21 2025 15:39:53 GMT+0700 (Western Indonesia Time)
580,M45221-Black,307,5,,Thu Aug 21 2025 15:41:10 GMT+0700 (Western Indonesia Time),Thu Aug 21 2025 15:41:10 GMT+0700 (Western Indonesia Time)
581,M65107-Black,95,5,,Thu Aug 21 2025 15:41:33 GMT+0700 (Western Indonesia Time),Thu Aug 21 2025 15:41:33 GMT+0700 (Western Indonesia Time)
582,B00405-Black,21,5,,Fri Aug 22 2025 08:25:21 GMT+0700 (Western Indonesia Time),Fri Aug 22 2025 08:25:21 GMT+0700 (Western Indonesia Time)
583,AZ95411-Coffee,167,5,,Fri Aug 22 2025 13:53:24 GMT+0700 (Western Indonesia Time),Fri Aug 22 2025 13:53:24 GMT+0700 (Western Indonesia Time)
584,B00603-Black,128,5,,Fri Aug 22 2025 13:53:53 GMT+0700 (Western Indonesia Time),Fri Aug 22 2025 13:53:53 GMT+0700 (Western Indonesia Time)
585,A92918-Coffee/D.Brown,23,5,,Fri Aug 22 2025 13:54:30 GMT+0700 (Western Indonesia Time),Fri Aug 22 2025 13:54:30 GMT+0700 (Western Indonesia Time)
586,K95925-Black,249,5,,Fri Aug 22 2025 13:56:14 GMT+0700 (Western Indonesia Time),Fri Aug 22 2025 13:56:14 GMT+0700 (Western Indonesia Time)
587,A11905-Coffee,19,5,,Fri Aug 22 2025 15:00:34 GMT+0700 (Western Indonesia Time),Fri Aug 22 2025 15:00:34 GMT+0700 (Western Indonesia Time)
588,AT11252-Coffee,108,5,,Mon Aug 25 2025 10:04:02 GMT+0700 (Western Indonesia Time),Mon Aug 25 2025 10:04:02 GMT+0700 (Western Indonesia Time)
589,K69201-Tan,40,5,,Mon Aug 25 2025 10:17:42 GMT+0700 (Western Indonesia Time),Mon Aug 25 2025 10:17:42 GMT+0700 (Western Indonesia Time)
590,K83260-Tan,120,5,,Mon Aug 25 2025 10:17:55 GMT+0700 (Western Indonesia Time),Mon Aug 25 2025 10:17:55 GMT+0700 (Western Indonesia Time)
591,A64603-Camel,109,5,,Mon Aug 25 2025 10:22:12 GMT+0700 (Western Indonesia Time),Mon Aug 25 2025 10:22:12 GMT+0700 (Western Indonesia Time)
592,M91712-D.Brown,20,5,,Mon Aug 25 2025 16:54:56 GMT+0700 (Western Indonesia Time),Mon Aug 25 2025 16:54:56 GMT+0700 (Western Indonesia Time)
593,M59206-Tan,66,5,,Mon Aug 25 2025 16:55:52 GMT+0700 (Western Indonesia Time),Mon Aug 25 2025 16:55:52 GMT+0700 (Western Indonesia Time)
594,M15258-D.Brown,45,5,,Tue Aug 26 2025 09:32:26 GMT+0700 (Western Indonesia Time),Tue Aug 26 2025 09:32:26 GMT+0700 (Western Indonesia Time)
595,MP31251-Tan,254,5,,Tue Aug 26 2025 09:36:01 GMT+0700 (Western Indonesia Time),Tue Aug 26 2025 09:36:01 GMT+0700 (Western Indonesia Time)
596,M95409-Black,39,5,,Wed Aug 27 2025 08:19:07 GMT+0700 (Western Indonesia Time),Wed Aug 27 2025 08:19:07 GMT+0700 (Western Indonesia Time)
598,A16203-Tan,99,5,,Wed Aug 27 2025 09:34:04 GMT+0700 (Western Indonesia Time),Wed Aug 27 2025 09:34:04 GMT+0700 (Western Indonesia Time)
599,BT04603-Tan,309,5,,Wed Aug 27 2025 15:18:51 GMT+0700 (Western Indonesia Time),Wed Aug 27 2025 15:18:51 GMT+0700 (Western Indonesia Time)
600,M45402ST-Black,310,5,,Wed Aug 27 2025 15:21:38 GMT+0700 (Western Indonesia Time),Wed Aug 27 2025 15:22:29 GMT+0700 (Western Indonesia Time)
601,MO11484-Black,305,5,,Wed Aug 27 2025 15:23:27 GMT+0700 (Western Indonesia Time),Wed Aug 27 2025 15:23:27 GMT+0700 (Western Indonesia Time)
602,MO11304-Black,311,5,,Wed Aug 27 2025 15:23:57 GMT+0700 (Western Indonesia Time),Wed Aug 27 2025 15:23:57 GMT+0700 (Western Indonesia Time)
603,MO11247-Black,312,5,,Wed Aug 27 2025 15:24:29 GMT+0700 (Western Indonesia Time),Wed Aug 27 2025 15:24:29 GMT+0700 (Western Indonesia Time)
604,M20203-Black,119,5,,Wed Aug 27 2025 15:25:07 GMT+0700 (Western Indonesia Time),Wed Aug 27 2025 15:25:07 GMT+0700 (Western Indonesia Time)
605,M11485-Black,41,5,,Wed Aug 27 2025 15:25:44 GMT+0700 (Western Indonesia Time),Wed Aug 27 2025 15:25:44 GMT+0700 (Western Indonesia Time)
606,BN09203-D.Brown/Brown,86,5,,Wed Aug 27 2025 15:26:18 GMT+0700 (Western Indonesia Time),Wed Aug 27 2025 15:26:18 GMT+0700 (Western Indonesia Time)
607,M11485-Camel,41,5,,Wed Aug 27 2025 15:30:55 GMT+0700 (Western Indonesia Time),Wed Aug 27 2025 15:30:55 GMT+0700 (Western Indonesia Time)
608,AZ45412-Camel,313,5,,Thu Aug 28 2025 08:06:15 GMT+0700 (Western Indonesia Time),Thu Aug 28 2025 08:06:15 GMT+0700 (Western Indonesia Time)
609,A95201-L.Brown,15,5,,Thu Aug 28 2025 08:07:41 GMT+0700 (Western Indonesia Time),Thu Aug 28 2025 08:07:41 GMT+0700 (Western Indonesia Time)
610,A46802ST-L.Brown/D.Brown,81,5,,Thu Aug 28 2025 16:02:24 GMT+0700 (Western Indonesia Time),Thu Aug 28 2025 16:02:24 GMT+0700 (Western Indonesia Time)
611,FP95925-Tan,249,5,,Thu Aug 28 2025 16:03:33 GMT+0700 (Western Indonesia Time),Thu Aug 28 2025 16:03:33 GMT+0700 (Western Indonesia Time)
612,F83226-Tan,151,5,,Fri Aug 29 2025 14:01:22 GMT+0700 (Western Indonesia Time),Fri Aug 29 2025 14:01:22 GMT+0700 (Western Indonesia Time)
613,A45201ST-Camel/D.Brown,60,5,,Sat Aug 30 2025 11:18:24 GMT+0700 (Western Indonesia Time),Sat Aug 30 2025 11:23:50 GMT+0700 (Western Indonesia Time)
614,M98214-D.Brown,300,5,,Sat Aug 30 2025 11:25:33 GMT+0700 (Western Indonesia Time),Sat Aug 30 2025 11:25:33 GMT+0700 (Western Indonesia Time)
615,A92222-Camel,316,5,,Mon Sep 01 2025 09:56:12 GMT+0700 (Western Indonesia Time),Mon Sep 01 2025 09:56:12 GMT+0700 (Western Indonesia Time)
616,A92223-Camel,274,5,,Mon Sep 01 2025 09:56:41 GMT+0700 (Western Indonesia Time),Mon Sep 01 2025 09:56:41 GMT+0700 (Western Indonesia Time)
617,A95201-Camel,15,5,,Mon Sep 01 2025 09:57:32 GMT+0700 (Western Indonesia Time),Mon Sep 01 2025 09:57:32 GMT+0700 (Western Indonesia Time)
618,B00405-Maroon,21,5,,Mon Sep 01 2025 11:06:11 GMT+0700 (Western Indonesia Time),Mon Sep 01 2025 11:06:11 GMT+0700 (Western Indonesia Time)
619,A14401-Camel,317,5,,Mon Sep 01 2025 11:06:50 GMT+0700 (Western Indonesia Time),Mon Sep 01 2025 11:06:50 GMT+0700 (Western Indonesia Time)
620,AT02902-Tan,248,5,,Mon Sep 01 2025 11:07:13 GMT+0700 (Western Indonesia Time),Mon Sep 01 2025 11:07:13 GMT+0700 (Western Indonesia Time)
621,MP15258-D.Brown,45,5,,Mon Sep 01 2025 11:10:37 GMT+0700 (Western Indonesia Time),Mon Sep 01 2025 11:10:37 GMT+0700 (Western Indonesia Time)
622,A95412-Black,105,5,,Mon Sep 01 2025 15:56:51 GMT+0700 (Western Indonesia Time),Mon Sep 01 2025 15:56:51 GMT+0700 (Western Indonesia Time)
623,K00504-Black,318,5,,Tue Sep 02 2025 09:22:20 GMT+0700 (Western Indonesia Time),Tue Sep 02 2025 09:22:20 GMT+0700 (Western Indonesia Time)
624,A14202-Camel Polos,238,5,,Tue Sep 02 2025 09:23:08 GMT+0700 (Western Indonesia Time),Tue Sep 02 2025 09:23:08 GMT+0700 (Western Indonesia Time)
625,A01208-Tan,91,5,,Tue Sep 02 2025 09:34:23 GMT+0700 (Western Indonesia Time),Tue Sep 02 2025 09:34:23 GMT+0700 (Western Indonesia Time)
626,BT04602-Maroon/white,17,5,,Wed Sep 03 2025 10:06:30 GMT+0700 (Western Indonesia Time),Wed Sep 03 2025 10:06:30 GMT+0700 (Western Indonesia Time)
627,DN57102-Black,71,5,,Wed Sep 03 2025 14:50:49 GMT+0700 (Western Indonesia Time),Wed Sep 03 2025 14:50:49 GMT+0700 (Western Indonesia Time)
628,A92227-Camel,44,5,,Thu Sep 04 2025 09:07:49 GMT+0700 (Western Indonesia Time),Thu Sep 04 2025 09:07:49 GMT+0700 (Western Indonesia Time)
629,A92225-D.Brown,319,5,,Thu Sep 04 2025 12:58:06 GMT+0700 (Western Indonesia Time),Thu Sep 04 2025 12:58:06 GMT+0700 (Western Indonesia Time)
630,A92231-D.Brown/D.Brown,92,5,,Sat Sep 06 2025 10:09:15 GMT+0700 (Western Indonesia Time),Sat Sep 06 2025 10:09:15 GMT+0700 (Western Indonesia Time)
631,AX95205-Camel/Camel,240,5,,Sat Sep 06 2025 10:10:51 GMT+0700 (Western Indonesia Time),Sat Sep 06 2025 10:10:51 GMT+0700 (Western Indonesia Time)
632,A92926-Camel/D.Brown,320,5,,Sat Sep 06 2025 10:13:19 GMT+0700 (Western Indonesia Time),Sat Sep 06 2025 10:13:19 GMT+0700 (Western Indonesia Time)
633,A41402-Camel,276,5,,Sat Sep 06 2025 10:17:36 GMT+0700 (Western Indonesia Time),Sat Sep 06 2025 10:17:36 GMT+0700 (Western Indonesia Time)
634,M59301-Black,51,5,,Sat Sep 06 2025 11:13:06 GMT+0700 (Western Indonesia Time),Sat Sep 06 2025 11:13:06 GMT+0700 (Western Indonesia Time)
635,A65108-Brown,33,5,,Mon Sep 08 2025 09:59:29 GMT+0700 (Western Indonesia Time),Mon Sep 08 2025 09:59:29 GMT+0700 (Western Indonesia Time)
636,A14403-Camel/D.Brown,289,5,,Mon Sep 08 2025 10:00:18 GMT+0700 (Western Indonesia Time),Mon Sep 08 2025 10:00:18 GMT+0700 (Western Indonesia Time)
637,A45218ST-D.Brown,250,5,,Mon Sep 08 2025 16:17:52 GMT+0700 (Western Indonesia Time),Mon Sep 08 2025 16:17:52 GMT+0700 (Western Indonesia Time)
638,A92905-Camel,247,5,,Tue Sep 09 2025 09:10:32 GMT+0700 (Western Indonesia Time),Tue Sep 09 2025 09:10:32 GMT+0700 (Western Indonesia Time)
639,M86813-Tan/D.Brown,321,5,,Tue Sep 09 2025 09:12:12 GMT+0700 (Western Indonesia Time),Tue Sep 09 2025 09:12:12 GMT+0700 (Western Indonesia Time)
640,K64121-Black,32,5,,Wed Sep 10 2025 13:28:02 GMT+0700 (Western Indonesia Time),Wed Sep 10 2025 13:28:02 GMT+0700 (Western Indonesia Time)
641,A92237-D.Coffee,129,5,,Wed Sep 10 2025 13:33:31 GMT+0700 (Western Indonesia Time),Wed Sep 10 2025 13:33:31 GMT+0700 (Western Indonesia Time)
642,K02412ST-D.Brown,7,5,,Wed Sep 10 2025 14:37:30 GMT+0700 (Western Indonesia Time),Wed Sep 10 2025 14:37:30 GMT+0700 (Western Indonesia Time)
643,A56102-D.Brown,54,5,,Thu Sep 11 2025 15:35:56 GMT+0700 (Western Indonesia Time),Thu Sep 11 2025 15:35:56 GMT+0700 (Western Indonesia Time)
644,A14401-Camel/Btk,317,5,,Thu Sep 11 2025 15:38:02 GMT+0700 (Western Indonesia Time),Thu Sep 11 2025 15:38:02 GMT+0700 (Western Indonesia Time)
645,K14403-D.Brown,289,5,,Thu Sep 11 2025 15:52:59 GMT+0700 (Western Indonesia Time),Thu Sep 11 2025 15:52:59 GMT+0700 (Western Indonesia Time)
646,BN09203-D.Grey/L.Grey,86,5,,Thu Sep 11 2025 15:54:51 GMT+0700 (Western Indonesia Time),Thu Sep 11 2025 15:54:51 GMT+0700 (Western Indonesia Time)
647,M11223-Black,2,5,,Thu Sep 11 2025 15:58:59 GMT+0700 (Western Indonesia Time),Thu Sep 11 2025 15:58:59 GMT+0700 (Western Indonesia Time)
648,A92406-Black,63,5,,Thu Sep 11 2025 16:01:23 GMT+0700 (Western Indonesia Time),Thu Sep 11 2025 16:01:23 GMT+0700 (Western Indonesia Time)
649,M45201ST-Tan,60,5,,Fri Sep 12 2025 08:15:24 GMT+0700 (Western Indonesia Time),Fri Sep 12 2025 08:15:24 GMT+0700 (Western Indonesia Time)
650,KX84649-D.Brown,100,5,,Fri Sep 12 2025 08:58:52 GMT+0700 (Western Indonesia Time),Fri Sep 12 2025 08:58:52 GMT+0700 (Western Indonesia Time)
651,BN10202-Cream/Black,192,5,,Sat Sep 13 2025 10:17:58 GMT+0700 (Western Indonesia Time),Sat Sep 13 2025 10:17:58 GMT+0700 (Western Indonesia Time)
652,A92606-D.Brown/Black,149,5,,Mon Sep 15 2025 08:21:19 GMT+0700 (Western Indonesia Time),Mon Sep 15 2025 08:21:19 GMT+0700 (Western Indonesia Time)
653,AZ95931-Tan Polos,324,5,,Mon Sep 15 2025 14:04:31 GMT+0700 (Western Indonesia Time),Mon Sep 15 2025 14:04:31 GMT+0700 (Western Indonesia Time)
654,M20201-Black,117,5,,Tue Sep 16 2025 08:24:11 GMT+0700 (Western Indonesia Time),Tue Sep 16 2025 08:24:11 GMT+0700 (Western Indonesia Time)
655,F92249-Tan,121,5,,Tue Sep 16 2025 08:24:57 GMT+0700 (Western Indonesia Time),Tue Sep 16 2025 08:24:57 GMT+0700 (Western Indonesia Time)
656,F64602-Tan,11,5,,Tue Sep 16 2025 08:27:24 GMT+0700 (Western Indonesia Time),Tue Sep 16 2025 08:27:24 GMT+0700 (Western Indonesia Time)
657,F45925-Maroon/D.Brown,294,5,,Tue Sep 16 2025 09:40:21 GMT+0700 (Western Indonesia Time),Tue Sep 16 2025 09:40:21 GMT+0700 (Western Indonesia Time)
658,F65104-Tan/D.Brown,325,5,,Tue Sep 16 2025 09:42:57 GMT+0700 (Western Indonesia Time),Tue Sep 16 2025 09:42:57 GMT+0700 (Western Indonesia Time)
659,M59601-Black,148,5,,Tue Sep 16 2025 09:52:02 GMT+0700 (Western Indonesia Time),Tue Sep 16 2025 09:52:02 GMT+0700 (Western Indonesia Time)
660,F59401-Tan,163,5,,Wed Sep 17 2025 10:57:59 GMT+0700 (Western Indonesia Time),Wed Sep 17 2025 10:57:59 GMT+0700 (Western Indonesia Time)
661,M59210-Tan,326,5,,Wed Sep 17 2025 11:18:22 GMT+0700 (Western Indonesia Time),Wed Sep 17 2025 11:18:22 GMT+0700 (Western Indonesia Time)
662,F91229-Maroon,283,5,,Wed Sep 17 2025 13:25:31 GMT+0700 (Western Indonesia Time),Wed Sep 17 2025 13:25:31 GMT+0700 (Western Indonesia Time)
663,K02804-Nuss/D.Brown,104,5,,Sat Sep 20 2025 08:30:44 GMT+0700 (Western Indonesia Time),Sat Sep 20 2025 08:30:44 GMT+0700 (Western Indonesia Time)
664,M83260-Camel,120,5,,Sat Sep 20 2025 08:32:05 GMT+0700 (Western Indonesia Time),Sat Sep 20 2025 08:32:05 GMT+0700 (Western Indonesia Time)
665,M92709-Tan/Tan,304,5,,Sat Sep 20 2025 11:52:04 GMT+0700 (Western Indonesia Time),Sat Sep 20 2025 11:52:04 GMT+0700 (Western Indonesia Time)
597,A92238-D.Brown/Btk,308,5,,Wed Aug 27 2025 09:33:00 GMT+0700 (Western Indonesia Time),Sat Sep 20 2025 11:54:10 GMT+0700 (Western Indonesia Time)
666,K83646-Black/Black,12,5,,Sat Sep 20 2025 11:55:11 GMT+0700 (Western Indonesia Time),Sat Sep 20 2025 11:55:11 GMT+0700 (Western Indonesia Time)
667,A65108-Tan,33,5,,Sat Sep 20 2025 11:56:48 GMT+0700 (Western Indonesia Time),Sat Sep 20 2025 11:56:48 GMT+0700 (Western Indonesia Time)
668,A65107-D.Brown,95,5,,Sat Sep 20 2025 11:57:07 GMT+0700 (Western Indonesia Time),Sat Sep 20 2025 11:57:07 GMT+0700 (Western Indonesia Time)
669,A05203-D.Brown Polos,211,5,,Sat Sep 20 2025 14:37:51 GMT+0700 (Western Indonesia Time),Sat Sep 20 2025 14:37:51 GMT+0700 (Western Indonesia Time)
670,A05208-Camel/D.Brown,327,5,,Sat Sep 20 2025 14:38:26 GMT+0700 (Western Indonesia Time),Sat Sep 20 2025 14:38:26 GMT+0700 (Western Indonesia Time)
671,M01208-D.Brown,91,5,,Sat Sep 20 2025 14:39:20 GMT+0700 (Western Indonesia Time),Sat Sep 20 2025 14:39:20 GMT+0700 (Western Indonesia Time)
672,M56102-Camel Polos,54,5,,Sat Sep 20 2025 14:39:43 GMT+0700 (Western Indonesia Time),Sat Sep 20 2025 14:39:43 GMT+0700 (Western Indonesia Time)
673,A92226-Black,62,5,,Sat Sep 20 2025 14:42:16 GMT+0700 (Western Indonesia Time),Sat Sep 20 2025 14:42:16 GMT+0700 (Western Indonesia Time)
674,M64105-Black,328,5,,Mon Sep 22 2025 09:17:23 GMT+0700 (Western Indonesia Time),Mon Sep 22 2025 09:17:23 GMT+0700 (Western Indonesia Time)
675,A02201-Tan,13,5,,Mon Sep 22 2025 09:18:42 GMT+0700 (Western Indonesia Time),Mon Sep 22 2025 09:18:42 GMT+0700 (Western Indonesia Time)
676,A92306-Tan,200,5,,Mon Sep 22 2025 09:25:40 GMT+0700 (Western Indonesia Time),Mon Sep 22 2025 09:25:40 GMT+0700 (Western Indonesia Time)
677,K64211-Black,145,5,,Mon Sep 22 2025 09:27:01 GMT+0700 (Western Indonesia Time),Mon Sep 22 2025 09:27:01 GMT+0700 (Western Indonesia Time)
678,K92406-Nuss,63,5,,Mon Sep 22 2025 10:30:53 GMT+0700 (Western Indonesia Time),Mon Sep 22 2025 10:30:53 GMT+0700 (Western Indonesia Time)
679,T00903-Pink,239,5,,Mon Sep 22 2025 14:00:31 GMT+0700 (Western Indonesia Time),Mon Sep 22 2025 14:00:31 GMT+0700 (Western Indonesia Time)
680,M45529-Black,329,5,,Tue Sep 23 2025 08:05:45 GMT+0700 (Western Indonesia Time),Tue Sep 23 2025 08:05:45 GMT+0700 (Western Indonesia Time)
681,A41402-Black,276,5,,Tue Sep 23 2025 12:57:11 GMT+0700 (Western Indonesia Time),Tue Sep 23 2025 12:57:11 GMT+0700 (Western Indonesia Time)
682,S59202-Brown,16,5,,Wed Sep 24 2025 09:02:50 GMT+0700 (Western Indonesia Time),Wed Sep 24 2025 09:02:50 GMT+0700 (Western Indonesia Time)
683,A11252-D.Brown,108,5,,Wed Sep 24 2025 09:21:46 GMT+0700 (Western Indonesia Time),Wed Sep 24 2025 09:21:46 GMT+0700 (Western Indonesia Time)
684,M15103-D.Brown,107,5,,Wed Sep 24 2025 09:23:55 GMT+0700 (Western Indonesia Time),Wed Sep 24 2025 09:23:55 GMT+0700 (Western Indonesia Time)
685,A16201-D.Brown Polos,116,5,,Wed Sep 24 2025 09:24:58 GMT+0700 (Western Indonesia Time),Wed Sep 24 2025 09:24:58 GMT+0700 (Western Indonesia Time)
686,A16202-Tan/Tan Bintik,115,5,,Wed Sep 24 2025 09:25:30 GMT+0700 (Western Indonesia Time),Wed Sep 24 2025 09:25:30 GMT+0700 (Western Indonesia Time)
687,A56601-Black,27,5,,Wed Sep 24 2025 15:58:25 GMT+0700 (Western Indonesia Time),Wed Sep 24 2025 15:58:25 GMT+0700 (Western Indonesia Time)
688,M59301-D.Brown,51,5,,Wed Sep 24 2025 15:58:50 GMT+0700 (Western Indonesia Time),Wed Sep 24 2025 15:58:50 GMT+0700 (Western Indonesia Time)
689,A64219-D.Brown/Tan,52,5,,Wed Sep 24 2025 15:59:20 GMT+0700 (Western Indonesia Time),Wed Sep 24 2025 15:59:20 GMT+0700 (Western Indonesia Time)
690,M59401-Black,163,5,,Thu Sep 25 2025 11:09:16 GMT+0700 (Western Indonesia Time),Thu Sep 25 2025 11:09:16 GMT+0700 (Western Indonesia Time)
691,A05203-L.Brown/D.Brown,211,5,,Fri Sep 26 2025 08:39:19 GMT+0700 (Western Indonesia Time),Fri Sep 26 2025 08:39:19 GMT+0700 (Western Indonesia Time)
692,A05211-L.Brown Polos,212,5,,Fri Sep 26 2025 08:39:38 GMT+0700 (Western Indonesia Time),Fri Sep 26 2025 08:39:38 GMT+0700 (Western Indonesia Time)
693,MP95525-Tan,330,5,,Wed Oct 01 2025 08:55:08 GMT+0700 (Western Indonesia Time),Wed Oct 01 2025 08:55:08 GMT+0700 (Western Indonesia Time)
694,MP92235-Maroon,6,5,,Wed Oct 01 2025 08:58:07 GMT+0700 (Western Indonesia Time),Wed Oct 01 2025 08:58:07 GMT+0700 (Western Indonesia Time)
695,A02205-Taupe,331,5,,Wed Oct 01 2025 09:08:34 GMT+0700 (Western Indonesia Time),Wed Oct 01 2025 09:08:34 GMT+0700 (Western Indonesia Time)
696,F83212-Tan,263,5,,Wed Oct 01 2025 09:25:39 GMT+0700 (Western Indonesia Time),Wed Oct 01 2025 09:25:39 GMT+0700 (Western Indonesia Time)
697,A56103-D.Brown,332,5,,Wed Oct 01 2025 09:33:03 GMT+0700 (Western Indonesia Time),Wed Oct 01 2025 09:33:03 GMT+0700 (Western Indonesia Time)
698,B03301-Black,139,5,,Wed Oct 01 2025 09:43:34 GMT+0700 (Western Indonesia Time),Wed Oct 01 2025 09:43:34 GMT+0700 (Western Indonesia Time)
699,A14201-Camel,291,5,,Wed Oct 01 2025 13:22:59 GMT+0700 (Western Indonesia Time),Wed Oct 01 2025 13:22:59 GMT+0700 (Western Indonesia Time)
700,K93202-Black,333,5,,Wed Oct 01 2025 13:25:23 GMT+0700 (Western Indonesia Time),Wed Oct 01 2025 13:25:23 GMT+0700 (Western Indonesia Time)
701,K15258-Black,45,5,,Wed Oct 01 2025 13:25:48 GMT+0700 (Western Indonesia Time),Wed Oct 01 2025 13:25:48 GMT+0700 (Western Indonesia Time)
702,A16201-Tan/D.Coffee Btk,116,5,,Wed Oct 01 2025 13:26:21 GMT+0700 (Western Indonesia Time),Wed Oct 01 2025 13:26:21 GMT+0700 (Western Indonesia Time)
703,M95201-Tan/D.Brown,15,5,,Wed Oct 01 2025 13:28:25 GMT+0700 (Western Indonesia Time),Wed Oct 01 2025 13:28:25 GMT+0700 (Western Indonesia Time)
704,M95222-Tan/D.Brown,334,5,,Wed Oct 01 2025 13:28:58 GMT+0700 (Western Indonesia Time),Wed Oct 01 2025 13:28:58 GMT+0700 (Western Indonesia Time)
705,F64138-Tan/D.Brown,335,5,,Wed Oct 01 2025 13:29:31 GMT+0700 (Western Indonesia Time),Wed Oct 01 2025 13:29:31 GMT+0700 (Western Indonesia Time)
706,M64133-Tan,336,5,,Wed Oct 01 2025 13:29:55 GMT+0700 (Western Indonesia Time),Wed Oct 01 2025 13:29:55 GMT+0700 (Western Indonesia Time)
707,M59202-Camel/D.Brown,16,5,,Wed Oct 01 2025 13:41:33 GMT+0700 (Western Indonesia Time),Wed Oct 01 2025 13:41:33 GMT+0700 (Western Indonesia Time)
708,A64602-L.Brown,11,5,,Wed Oct 01 2025 14:15:34 GMT+0700 (Western Indonesia Time),Wed Oct 01 2025 14:15:34 GMT+0700 (Western Indonesia Time)
709,M90203-Tan,337,5,,Thu Oct 02 2025 08:19:35 GMT+0700 (Western Indonesia Time),Thu Oct 02 2025 08:19:35 GMT+0700 (Western Indonesia Time)
710,F92635-Maroon,84,5,,Thu Oct 02 2025 08:21:21 GMT+0700 (Western Indonesia Time),Thu Oct 02 2025 08:21:21 GMT+0700 (Western Indonesia Time)
711,K92635-Black/Black,84,5,,Thu Oct 02 2025 08:21:37 GMT+0700 (Western Indonesia Time),Thu Oct 02 2025 08:21:37 GMT+0700 (Western Indonesia Time)
712,K00106-Black,338,5,,Fri Oct 03 2025 08:07:10 GMT+0700 (Western Indonesia Time),Fri Oct 03 2025 08:07:10 GMT+0700 (Western Indonesia Time)
713,A46402ST-Camel/D.Brown,195,5,,Fri Oct 03 2025 10:34:51 GMT+0700 (Western Indonesia Time),Fri Oct 03 2025 10:34:51 GMT+0700 (Western Indonesia Time)
714,T00111-Taupe,339,5,,Sat Oct 04 2025 08:08:13 GMT+0700 (Western Indonesia Time),Sat Oct 04 2025 08:08:13 GMT+0700 (Western Indonesia Time)
715,A92905-Black,247,5,,Mon Oct 06 2025 11:01:48 GMT+0700 (Western Indonesia Time),Mon Oct 06 2025 11:01:48 GMT+0700 (Western Indonesia Time)
716,A13201-D.Brown,290,5,,Mon Oct 06 2025 11:11:04 GMT+0700 (Western Indonesia Time),Mon Oct 06 2025 11:11:04 GMT+0700 (Western Indonesia Time)
717,AX95218-Tan,193,5,,Mon Oct 06 2025 13:32:17 GMT+0700 (Western Indonesia Time),Mon Oct 06 2025 13:32:17 GMT+0700 (Western Indonesia Time)
718,K65401-Black,340,5,,Mon Oct 06 2025 17:47:11 GMT+0700 (Western Indonesia Time),Mon Oct 06 2025 17:47:11 GMT+0700 (Western Indonesia Time)
719,MP11485-Maroon,41,5,,Wed Oct 08 2025 11:34:24 GMT+0700 (Western Indonesia Time),Wed Oct 08 2025 11:34:24 GMT+0700 (Western Indonesia Time)
720,AT11223-D.Brown,2,5,,Wed Oct 08 2025 11:35:27 GMT+0700 (Western Indonesia Time),Wed Oct 08 2025 11:35:27 GMT+0700 (Western Indonesia Time)
721,M15102-D.Brown,341,5,,Wed Oct 08 2025 11:37:13 GMT+0700 (Western Indonesia Time),Wed Oct 08 2025 11:37:13 GMT+0700 (Western Indonesia Time)
722,A92306-D.Brown,200,5,,Wed Oct 08 2025 11:56:48 GMT+0700 (Western Indonesia Time),Wed Oct 08 2025 11:56:48 GMT+0700 (Western Indonesia Time)
723,A05401-D.Brown/Tan,342,5,,Wed Oct 08 2025 12:57:09 GMT+0700 (Western Indonesia Time),Wed Oct 08 2025 12:57:09 GMT+0700 (Western Indonesia Time)
726,AZ95218-D.Brown,193,5,,Wed Oct 08 2025 15:03:30 GMT+0700 (Western Indonesia Time),Wed Oct 08 2025 15:03:30 GMT+0700 (Western Indonesia Time)
724,AZ95217-Tan/Tan Btk,343,5,,Wed Oct 08 2025 15:02:45 GMT+0700 (Western Indonesia Time),Thu Oct 09 2025 09:11:44 GMT+0700 (Western Indonesia Time)
725,AZ95217-D.Brown/Btk,343,5,,Wed Oct 08 2025 15:03:09 GMT+0700 (Western Indonesia Time),Thu Oct 09 2025 09:12:09 GMT+0700 (Western Indonesia Time)
727,AZ95219-L.Brown/Btk,270,5,,Wed Oct 08 2025 15:05:00 GMT+0700 (Western Indonesia Time),Thu Oct 09 2025 09:12:32 GMT+0700 (Western Indonesia Time)
728,M15222-Camel,132,5,,Thu Oct 09 2025 09:17:40 GMT+0700 (Western Indonesia Time),Thu Oct 09 2025 09:17:40 GMT+0700 (Western Indonesia Time)
729,M15222-Black,132,5,,Thu Oct 09 2025 09:17:59 GMT+0700 (Western Indonesia Time),Thu Oct 09 2025 09:17:59 GMT+0700 (Western Indonesia Time)
730,M15251-Camel,251,5,,Thu Oct 09 2025 09:18:22 GMT+0700 (Western Indonesia Time),Thu Oct 09 2025 09:18:22 GMT+0700 (Western Indonesia Time)
731,A64605-L.Brown/Btk,30,5,,Thu Oct 09 2025 09:27:31 GMT+0700 (Western Indonesia Time),Thu Oct 09 2025 09:27:31 GMT+0700 (Western Indonesia Time)
732,A65108-L.Brown,33,5,,Thu Oct 09 2025 09:27:58 GMT+0700 (Western Indonesia Time),Thu Oct 09 2025 09:27:58 GMT+0700 (Western Indonesia Time)
733,K01902-Nuss/Coffee,344,5,,Thu Oct 09 2025 13:22:19 GMT+0700 (Western Indonesia Time),Thu Oct 09 2025 13:22:19 GMT+0700 (Western Indonesia Time)
734,M11502-D.Brown/Camel,5,5,,Fri Oct 10 2025 09:28:51 GMT+0700 (Western Indonesia Time),Fri Oct 10 2025 09:28:51 GMT+0700 (Western Indonesia Time)
735,A45218ST-Black,250,5,,Fri Oct 10 2025 09:32:16 GMT+0700 (Western Indonesia Time),Fri Oct 10 2025 09:32:16 GMT+0700 (Western Indonesia Time)
736,M92305-Tan Polos,345,5,,Fri Oct 10 2025 14:29:27 GMT+0700 (Western Indonesia Time),Fri Oct 10 2025 14:29:27 GMT+0700 (Western Indonesia Time)
737,M83646-Black/Black,12,5,,Fri Oct 10 2025 15:10:43 GMT+0700 (Western Indonesia Time),Fri Oct 10 2025 15:10:43 GMT+0700 (Western Indonesia Time)
738,M57201-Black,78,5,,Fri Oct 10 2025 15:11:21 GMT+0700 (Western Indonesia Time),Fri Oct 10 2025 15:11:21 GMT+0700 (Western Indonesia Time)
739,M56201-Black,346,5,,Fri Oct 10 2025 15:12:15 GMT+0700 (Western Indonesia Time),Fri Oct 10 2025 15:12:15 GMT+0700 (Western Indonesia Time)
740,M90202-Black,347,5,,Fri Oct 10 2025 15:13:41 GMT+0700 (Western Indonesia Time),Fri Oct 10 2025 15:13:41 GMT+0700 (Western Indonesia Time)
741,M64133-Black,336,5,,Fri Oct 10 2025 15:14:01 GMT+0700 (Western Indonesia Time),Fri Oct 10 2025 15:14:01 GMT+0700 (Western Indonesia Time)
742,A46802-L.Brown/Maroon,348,5,,Mon Oct 13 2025 09:11:00 GMT+0700 (Western Indonesia Time),Mon Oct 13 2025 09:11:00 GMT+0700 (Western Indonesia Time)
743,B00601-Camel,140,5,,Mon Oct 13 2025 09:16:18 GMT+0700 (Western Indonesia Time),Mon Oct 13 2025 09:16:18 GMT+0700 (Western Indonesia Time)
744,MT11227-Maroon,110,5,,Mon Oct 13 2025 09:20:57 GMT+0700 (Western Indonesia Time),Mon Oct 13 2025 09:20:57 GMT+0700 (Western Indonesia Time)
745,M95201-Black,15,5,,Mon Oct 13 2025 13:01:52 GMT+0700 (Western Indonesia Time),Mon Oct 13 2025 13:01:52 GMT+0700 (Western Indonesia Time)
746,B03303-Tan,38,5,,Tue Oct 14 2025 08:08:01 GMT+0700 (Western Indonesia Time),Tue Oct 14 2025 08:08:01 GMT+0700 (Western Indonesia Time)
747,AX95205-Camel Bintik,240,5,,Tue Oct 14 2025 08:09:01 GMT+0700 (Western Indonesia Time),Tue Oct 14 2025 08:09:01 GMT+0700 (Western Indonesia Time)
748,B26102-Brown,349,5,,Tue Oct 14 2025 13:44:15 GMT+0700 (Western Indonesia Time),Tue Oct 14 2025 13:44:15 GMT+0700 (Western Indonesia Time)
749,A64607-Black,55,5,,Wed Oct 15 2025 10:22:03 GMT+0700 (Western Indonesia Time),Wed Oct 15 2025 10:22:03 GMT+0700 (Western Indonesia Time)
750,F91229-Tan,283,5,,Wed Oct 15 2025 13:24:27 GMT+0700 (Western Indonesia Time),Wed Oct 15 2025 13:24:27 GMT+0700 (Western Indonesia Time)
751,K45218ST-Black,250,5,,Wed Oct 15 2025 15:38:34 GMT+0700 (Western Indonesia Time),Wed Oct 15 2025 15:38:34 GMT+0700 (Western Indonesia Time)
752,A99801-D.Brown,157,5,,Thu Oct 16 2025 08:01:22 GMT+0700 (Western Indonesia Time),Thu Oct 16 2025 08:01:22 GMT+0700 (Western Indonesia Time)
753,M45926ST-D.Brown/D.Brown,351,5,,Thu Oct 16 2025 08:02:35 GMT+0700 (Western Indonesia Time),Thu Oct 16 2025 08:02:35 GMT+0700 (Western Indonesia Time)
754,MP15258-Maroon,45,5,,Fri Oct 17 2025 11:14:13 GMT+0700 (Western Indonesia Time),Fri Oct 17 2025 11:14:13 GMT+0700 (Western Indonesia Time)
755,A05208-Tan/D.Brown,327,5,,Fri Oct 17 2025 14:19:26 GMT+0700 (Western Indonesia Time),Fri Oct 17 2025 14:19:26 GMT+0700 (Western Indonesia Time)
756,A92235-L.Brown/L.Brown,6,5,,Fri Oct 17 2025 14:22:23 GMT+0700 (Western Indonesia Time),Fri Oct 17 2025 14:22:23 GMT+0700 (Western Indonesia Time)
757,A64605-D.Brown/D.Brown,30,5,,Fri Oct 17 2025 14:24:30 GMT+0700 (Western Indonesia Time),Fri Oct 17 2025 14:24:30 GMT+0700 (Western Indonesia Time)
758,B03306-Camel,352,5,,Fri Oct 17 2025 15:32:02 GMT+0700 (Western Indonesia Time),Fri Oct 17 2025 15:32:02 GMT+0700 (Western Indonesia Time)
759,MP45926ST-Maroon,351,5,,Sat Oct 18 2025 08:09:35 GMT+0700 (Western Indonesia Time),Sat Oct 18 2025 08:09:35 GMT+0700 (Western Indonesia Time)
760,M64106-Brown,175,5,,Sat Oct 18 2025 08:12:06 GMT+0700 (Western Indonesia Time),Sat Oct 18 2025 08:12:06 GMT+0700 (Western Indonesia Time)
761,A68301-Camel,353,5,,Tue Oct 21 2025 08:48:32 GMT+0700 (Western Indonesia Time),Tue Oct 21 2025 08:48:32 GMT+0700 (Western Indonesia Time)
762,A05403-L.Brown,354,5,,Tue Oct 21 2025 08:49:56 GMT+0700 (Western Indonesia Time),Tue Oct 21 2025 08:49:56 GMT+0700 (Western Indonesia Time)
763,K59211-D.Brown,180,5,,Wed Oct 22 2025 11:03:24 GMT+0700 (Western Indonesia Time),Wed Oct 22 2025 11:03:24 GMT+0700 (Western Indonesia Time)
764,A17204-Tan,156,5,,Wed Oct 22 2025 11:04:54 GMT+0700 (Western Indonesia Time),Wed Oct 22 2025 11:04:54 GMT+0700 (Western Indonesia Time)
765,A01401-D.Coffee,355,5,,Thu Oct 23 2025 11:47:18 GMT+0700 (Western Indonesia Time),Thu Oct 23 2025 11:47:18 GMT+0700 (Western Indonesia Time)
766,B00610-Taupe,144,5,,Thu Oct 23 2025 11:48:43 GMT+0700 (Western Indonesia Time),Thu Oct 23 2025 11:48:43 GMT+0700 (Western Indonesia Time)
768,K59101-D.Brown,142,5,,Thu Oct 23 2025 16:10:43 GMT+0700 (Western Indonesia Time),Thu Oct 23 2025 16:10:43 GMT+0700 (Western Indonesia Time)
769,M95219-Black,270,5,,Fri Oct 24 2025 08:54:14 GMT+0700 (Western Indonesia Time),Fri Oct 24 2025 08:54:14 GMT+0700 (Western Indonesia Time)
770,MP83646-Brown,12,5,,Fri Oct 24 2025 09:18:49 GMT+0700 (Western Indonesia Time),Fri Oct 24 2025 09:18:49 GMT+0700 (Western Indonesia Time)
772,B00605-Taupe,356,5,,Sat Oct 25 2025 08:15:49 GMT+0700 (Western Indonesia Time),Sat Oct 25 2025 08:15:49 GMT+0700 (Western Indonesia Time)
773,M15258-Tan,45,5,,Sat Oct 25 2025 08:16:41 GMT+0700 (Western Indonesia Time),Sat Oct 25 2025 08:16:41 GMT+0700 (Western Indonesia Time)
774,A45412ST-Black,313,5,,Sat Oct 25 2025 10:19:47 GMT+0700 (Western Indonesia Time),Sat Oct 25 2025 10:19:47 GMT+0700 (Western Indonesia Time)
776,B26102-Black,349,5,,Mon Oct 27 2025 09:19:58 GMT+0700 (Western Indonesia Time),Mon Oct 27 2025 09:19:58 GMT+0700 (Western Indonesia Time)
777,F15226-Maroon,255,5,,Mon Oct 27 2025 09:21:19 GMT+0700 (Western Indonesia Time),Mon Oct 27 2025 09:21:19 GMT+0700 (Western Indonesia Time)
778,A02902-D.Brown/D.Brown,248,5,,Mon Oct 27 2025 09:30:44 GMT+0700 (Western Indonesia Time),Mon Oct 27 2025 09:30:44 GMT+0700 (Western Indonesia Time)
779,AZ95412-L.Brown,105,5,,Mon Oct 27 2025 09:37:47 GMT+0700 (Western Indonesia Time),Mon Oct 27 2025 09:37:47 GMT+0700 (Western Indonesia Time)
780,AZ45412ST-Tan,313,5,,Tue Oct 28 2025 09:53:10 GMT+0700 (Western Indonesia Time),Tue Oct 28 2025 09:53:10 GMT+0700 (Western Indonesia Time)
781,A95520-Tan/D.Brown,277,5,,Tue Oct 28 2025 09:54:55 GMT+0700 (Western Indonesia Time),Tue Oct 28 2025 09:54:55 GMT+0700 (Western Indonesia Time)
782,A05208-L.Brown/D.Brown,327,5,,Tue Oct 28 2025 09:55:50 GMT+0700 (Western Indonesia Time),Tue Oct 28 2025 09:55:50 GMT+0700 (Western Indonesia Time)
783,A14202-Black,238,5,,Tue Oct 28 2025 09:58:15 GMT+0700 (Western Indonesia Time),Tue Oct 28 2025 09:58:15 GMT+0700 (Western Indonesia Time)
784,A14206-Black,178,5,,Tue Oct 28 2025 09:58:47 GMT+0700 (Western Indonesia Time),Tue Oct 28 2025 09:58:47 GMT+0700 (Western Indonesia Time)
785,A14401-D.Brown,317,5,,Tue Oct 28 2025 09:59:34 GMT+0700 (Western Indonesia Time),Tue Oct 28 2025 09:59:34 GMT+0700 (Western Indonesia Time)
786,A14401-Black,317,5,,Tue Oct 28 2025 09:59:55 GMT+0700 (Western Indonesia Time),Tue Oct 28 2025 09:59:55 GMT+0700 (Western Indonesia Time)
787,BN10202-Tan/Black/Brown,192,5,,Wed Oct 29 2025 09:02:14 GMT+0700 (Western Indonesia Time),Wed Oct 29 2025 09:02:14 GMT+0700 (Western Indonesia Time)
788,M15601-Tan,48,5,,Wed Oct 29 2025 09:04:20 GMT+0700 (Western Indonesia Time),Wed Oct 29 2025 09:04:20 GMT+0700 (Western Indonesia Time)
789,M59302-R.Brown,68,5,,Wed Oct 29 2025 10:00:30 GMT+0700 (Western Indonesia Time),Wed Oct 29 2025 10:00:30 GMT+0700 (Western Indonesia Time)
767,MP45409ST-Maroon,31,5,,Thu Oct 23 2025 11:51:14 GMT+0700 (Western Indonesia Time),Tue Dec 30 2025 09:26:44 GMT+0700 (Western Indonesia Time)
775,BN10201-Brown/Black/Brown,246,5,,Sat Oct 25 2025 10:20:46 GMT+0700 (Western Indonesia Time),Fri Jan 30 2026 16:09:00 GMT+0700 (Western Indonesia Time)
790,AX46404-L.Brown/D.Brown,264,5,,Thu Oct 30 2025 08:23:41 GMT+0700 (Western Indonesia Time),Thu Oct 30 2025 08:23:41 GMT+0700 (Western Indonesia Time)
793,AX46404ST-L.Brown/D.Brown,43,5,,Thu Oct 30 2025 08:54:55 GMT+0700 (Western Indonesia Time),Thu Oct 30 2025 08:54:55 GMT+0700 (Western Indonesia Time)
794,M11906-D.Brown/D.Brown,14,5,,Fri Oct 31 2025 08:48:22 GMT+0700 (Western Indonesia Time),Fri Oct 31 2025 08:48:22 GMT+0700 (Western Indonesia Time)
795,K56601-Maroon,27,5,,Sat Nov 01 2025 08:33:45 GMT+0700 (Western Indonesia Time),Sat Nov 01 2025 08:33:45 GMT+0700 (Western Indonesia Time)
796,K57602-Marron,76,5,,Sat Nov 01 2025 08:34:01 GMT+0700 (Western Indonesia Time),Sat Nov 01 2025 08:34:01 GMT+0700 (Western Indonesia Time)
798,BN92250-Black,35,5,,Mon Nov 03 2025 13:46:02 GMT+0700 (Western Indonesia Time),Mon Nov 03 2025 13:46:02 GMT+0700 (Western Indonesia Time)
799,A05404-Tan,359,5,,Mon Nov 03 2025 13:48:53 GMT+0700 (Western Indonesia Time),Mon Nov 03 2025 13:48:53 GMT+0700 (Western Indonesia Time)
800,M59212-D.Brown,187,5,,Mon Nov 03 2025 13:49:58 GMT+0700 (Western Indonesia Time),Mon Nov 03 2025 13:49:58 GMT+0700 (Western Indonesia Time)
801,A95201-Black,15,5,,Mon Nov 03 2025 13:50:44 GMT+0700 (Western Indonesia Time),Mon Nov 03 2025 13:50:44 GMT+0700 (Western Indonesia Time)
802,M59302-Nuss,68,5,,Mon Nov 03 2025 13:55:29 GMT+0700 (Western Indonesia Time),Mon Nov 03 2025 13:55:29 GMT+0700 (Western Indonesia Time)
803,M11503-Tan,36,5,,Mon Nov 03 2025 13:56:29 GMT+0700 (Western Indonesia Time),Mon Nov 03 2025 13:56:29 GMT+0700 (Western Indonesia Time)
804,M54101-Black,207,5,,Wed Nov 05 2025 09:19:13 GMT+0700 (Western Indonesia Time),Wed Nov 05 2025 09:19:13 GMT+0700 (Western Indonesia Time)
805,A11486-Camel,18,5,,Wed Nov 05 2025 13:24:47 GMT+0700 (Western Indonesia Time),Wed Nov 05 2025 13:24:47 GMT+0700 (Western Indonesia Time)
806,A14201-L.Brown,291,5,,Thu Nov 06 2025 07:56:03 GMT+0700 (Western Indonesia Time),Thu Nov 06 2025 07:56:03 GMT+0700 (Western Indonesia Time)
810,A65107-Camel,95,5,,Mon Nov 10 2025 08:22:11 GMT+0700 (Western Indonesia Time),Mon Nov 10 2025 08:22:11 GMT+0700 (Western Indonesia Time)
811,A95501-L.Brown,360,5,,Mon Nov 10 2025 14:29:05 GMT+0700 (Western Indonesia Time),Mon Nov 10 2025 14:29:05 GMT+0700 (Western Indonesia Time)
812,A46802-D.Brown,348,5,,Tue Nov 11 2025 08:54:26 GMT+0700 (Western Indonesia Time),Tue Nov 11 2025 08:54:26 GMT+0700 (Western Indonesia Time)
813,T00904-White,361,5,,Tue Nov 11 2025 08:57:36 GMT+0700 (Western Indonesia Time),Tue Nov 11 2025 08:57:36 GMT+0700 (Western Indonesia Time)
814,A45402ST-Camel,310,5,,Wed Nov 12 2025 10:23:49 GMT+0700 (Western Indonesia Time),Wed Nov 12 2025 10:24:22 GMT+0700 (Western Indonesia Time)
815,K65101-Black,362,5,,Wed Nov 12 2025 10:27:44 GMT+0700 (Western Indonesia Time),Wed Nov 12 2025 10:27:44 GMT+0700 (Western Indonesia Time)
816,K64602-D.Brown,11,5,,Wed Nov 12 2025 10:32:57 GMT+0700 (Western Indonesia Time),Wed Nov 12 2025 10:32:57 GMT+0700 (Western Indonesia Time)
817,A64602-Black,11,5,,Wed Nov 12 2025 10:34:24 GMT+0700 (Western Indonesia Time),Wed Nov 12 2025 10:34:24 GMT+0700 (Western Indonesia Time)
818,K64602-L.Brown,11,5,,Wed Nov 12 2025 10:38:42 GMT+0700 (Western Indonesia Time),Wed Nov 12 2025 10:38:42 GMT+0700 (Western Indonesia Time)
819,A14201-D.Brown,291,5,,Wed Nov 12 2025 10:45:31 GMT+0700 (Western Indonesia Time),Wed Nov 12 2025 10:45:31 GMT+0700 (Western Indonesia Time)
820,A14403-Brown/D.Brown,289,5,,Wed Nov 12 2025 10:46:40 GMT+0700 (Western Indonesia Time),Wed Nov 12 2025 10:46:40 GMT+0700 (Western Indonesia Time)
821,A40203-Tan,280,5,,Wed Nov 12 2025 10:48:14 GMT+0700 (Western Indonesia Time),Wed Nov 12 2025 10:48:14 GMT+0700 (Western Indonesia Time)
822,K00404-Orange/Grey,363,5,,Wed Nov 12 2025 11:32:15 GMT+0700 (Western Indonesia Time),Wed Nov 12 2025 11:32:15 GMT+0700 (Western Indonesia Time)
823,K59301-Black,51,5,,Wed Nov 12 2025 11:36:51 GMT+0700 (Western Indonesia Time),Wed Nov 12 2025 11:36:51 GMT+0700 (Western Indonesia Time)
824,A05402-Tan/D.Brown,364,5,,Wed Nov 12 2025 11:39:05 GMT+0700 (Western Indonesia Time),Wed Nov 12 2025 11:39:05 GMT+0700 (Western Indonesia Time)
826,A28301-Black,365,5,,Wed Nov 12 2025 11:43:08 GMT+0700 (Western Indonesia Time),Wed Nov 12 2025 11:43:08 GMT+0700 (Western Indonesia Time)
827,A46802ST-D.Brown/D.Brown,81,5,,Wed Nov 12 2025 13:17:18 GMT+0700 (Western Indonesia Time),Wed Nov 12 2025 13:17:18 GMT+0700 (Western Indonesia Time)
828,K65301-Black,98,5,,Wed Nov 12 2025 15:12:05 GMT+0700 (Western Indonesia Time),Wed Nov 12 2025 15:12:05 GMT+0700 (Western Indonesia Time)
829,A05401-Tan/D.Brown,342,5,,Wed Nov 12 2025 15:12:39 GMT+0700 (Western Indonesia Time),Wed Nov 12 2025 15:12:39 GMT+0700 (Western Indonesia Time)
830,M45206ST-Black,34,5,,Fri Nov 14 2025 08:55:50 GMT+0700 (Western Indonesia Time),Fri Nov 14 2025 08:55:50 GMT+0700 (Western Indonesia Time)
831,M11504-Tan/D.Brown,279,5,,Fri Nov 14 2025 09:02:43 GMT+0700 (Western Indonesia Time),Fri Nov 14 2025 09:02:43 GMT+0700 (Western Indonesia Time)
832,FP11503-Tan,36,5,,Fri Nov 14 2025 09:03:20 GMT+0700 (Western Indonesia Time),Fri Nov 14 2025 09:03:20 GMT+0700 (Western Indonesia Time)
833,T45512ST-Maroon,366,5,,Fri Nov 14 2025 09:05:14 GMT+0700 (Western Indonesia Time),Fri Nov 14 2025 09:05:14 GMT+0700 (Western Indonesia Time)
834,A68801-D.Brown,367,5,,Sat Nov 15 2025 08:16:14 GMT+0700 (Western Indonesia Time),Sat Nov 15 2025 08:16:14 GMT+0700 (Western Indonesia Time)
835,A35303-Tan,191,5,,Sat Nov 15 2025 10:30:23 GMT+0700 (Western Indonesia Time),Sat Nov 15 2025 10:30:23 GMT+0700 (Western Indonesia Time)
836,A46402ST-L.Brown Polos,195,5,,Sat Nov 15 2025 11:28:01 GMT+0700 (Western Indonesia Time),Sat Nov 15 2025 11:28:01 GMT+0700 (Western Indonesia Time)
837,M11486-Tan,18,5,,Mon Nov 17 2025 11:06:30 GMT+0700 (Western Indonesia Time),Mon Nov 17 2025 11:06:30 GMT+0700 (Western Indonesia Time)
838,B03305-Camel,368,5,,Tue Nov 18 2025 14:14:30 GMT+0700 (Western Indonesia Time),Tue Nov 18 2025 14:14:30 GMT+0700 (Western Indonesia Time)
839,A11485-L.Brown,41,5,,Fri Nov 21 2025 09:09:57 GMT+0700 (Western Indonesia Time),Fri Nov 21 2025 09:09:57 GMT+0700 (Western Indonesia Time)
840,B03302-Street,143,5,,Mon Nov 24 2025 09:45:47 GMT+0700 (Western Indonesia Time),Mon Nov 24 2025 09:45:47 GMT+0700 (Western Indonesia Time)
841,M92402-Tan/D.Brown,224,5,,Mon Nov 24 2025 14:24:04 GMT+0700 (Western Indonesia Time),Mon Nov 24 2025 14:24:04 GMT+0700 (Western Indonesia Time)
842,A16202-D.Brown/Tan,115,5,,Mon Nov 24 2025 16:26:57 GMT+0700 (Western Indonesia Time),Mon Nov 24 2025 16:26:57 GMT+0700 (Western Indonesia Time)
843,B00602-Marron,146,5,,Tue Nov 25 2025 14:30:30 GMT+0700 (Western Indonesia Time),Tue Nov 25 2025 14:30:30 GMT+0700 (Western Indonesia Time)
844,A95412-Coffee,105,5,,Wed Nov 26 2025 08:43:33 GMT+0700 (Western Indonesia Time),Wed Nov 26 2025 08:43:33 GMT+0700 (Western Indonesia Time)
845,A02902-Black,248,5,,Thu Nov 27 2025 11:49:24 GMT+0700 (Western Indonesia Time),Thu Nov 27 2025 11:49:24 GMT+0700 (Western Indonesia Time)
846,K00102-Blue/Orange,369,5,,Sat Nov 29 2025 14:01:10 GMT+0700 (Western Indonesia Time),Sat Nov 29 2025 14:01:10 GMT+0700 (Western Indonesia Time)
847,AX95201-Camel/D.Brown,15,5,,Mon Dec 01 2025 11:44:12 GMT+0700 (Western Indonesia Time),Mon Dec 01 2025 11:44:12 GMT+0700 (Western Indonesia Time)
848,M98507-Black,124,5,,Mon Dec 01 2025 11:46:20 GMT+0700 (Western Indonesia Time),Mon Dec 01 2025 11:46:20 GMT+0700 (Western Indonesia Time)
849,MP17402-Tan/Brown,161,5,,Mon Dec 01 2025 11:52:33 GMT+0700 (Western Indonesia Time),Mon Dec 01 2025 11:52:33 GMT+0700 (Western Indonesia Time)
850,A45409ST-D.Brown,31,5,,Mon Dec 01 2025 11:53:23 GMT+0700 (Western Indonesia Time),Mon Dec 01 2025 11:53:23 GMT+0700 (Western Indonesia Time)
851,M64105-D.Brown,328,5,,Wed Dec 03 2025 15:00:43 GMT+0700 (Western Indonesia Time),Wed Dec 03 2025 15:00:43 GMT+0700 (Western Indonesia Time)
852,MT02902-Black,248,5,,Thu Dec 04 2025 08:16:27 GMT+0700 (Western Indonesia Time),Thu Dec 04 2025 08:16:27 GMT+0700 (Western Indonesia Time)
853,BN09204-Black,370,5,,Thu Dec 04 2025 15:52:00 GMT+0700 (Western Indonesia Time),Thu Dec 04 2025 15:52:00 GMT+0700 (Western Indonesia Time)
854,T02902-Maroon,248,5,,Sat Dec 06 2025 11:30:05 GMT+0700 (Western Indonesia Time),Sat Dec 06 2025 11:30:05 GMT+0700 (Western Indonesia Time)
855,M91312-Black,371,5,,Sat Dec 06 2025 13:12:44 GMT+0700 (Western Indonesia Time),Sat Dec 06 2025 13:12:44 GMT+0700 (Western Indonesia Time)
856,M01208-Black,91,5,,Mon Dec 08 2025 15:59:14 GMT+0700 (Western Indonesia Time),Mon Dec 08 2025 15:59:14 GMT+0700 (Western Indonesia Time)
857,A92246-Tan,49,5,,Mon Dec 08 2025 16:01:13 GMT+0700 (Western Indonesia Time),Mon Dec 08 2025 16:01:13 GMT+0700 (Western Indonesia Time)
858,M41203-Black,97,5,,Mon Dec 08 2025 16:02:26 GMT+0700 (Western Indonesia Time),Mon Dec 08 2025 16:02:26 GMT+0700 (Western Indonesia Time)
859,A95411-D.Brown,167,5,,Mon Dec 08 2025 16:03:44 GMT+0700 (Western Indonesia Time),Mon Dec 08 2025 16:03:44 GMT+0700 (Western Indonesia Time)
860,CR01506-Maroon,153,5,,Wed Dec 10 2025 10:41:04 GMT+0700 (Western Indonesia Time),Wed Dec 10 2025 10:41:04 GMT+0700 (Western Indonesia Time)
861,MPX95211-D.Brown,373,5,,Wed Dec 10 2025 11:46:43 GMT+0700 (Western Indonesia Time),Wed Dec 10 2025 13:02:34 GMT+0700 (Western Indonesia Time)
862,MP19601-Maroon/Brown,155,5,,Wed Dec 10 2025 13:44:47 GMT+0700 (Western Indonesia Time),Wed Dec 10 2025 13:44:47 GMT+0700 (Western Indonesia Time)
863,A41404-Tan,374,5,,Wed Dec 10 2025 14:55:05 GMT+0700 (Western Indonesia Time),Wed Dec 10 2025 14:55:05 GMT+0700 (Western Indonesia Time)
864,AZ45218ST-Camel,250,5,,Fri Dec 12 2025 16:18:07 GMT+0700 (Western Indonesia Time),Fri Dec 12 2025 16:18:07 GMT+0700 (Western Indonesia Time)
865,MO01208-Camel,91,5,,Sat Dec 13 2025 14:59:07 GMT+0700 (Western Indonesia Time),Sat Dec 13 2025 14:59:07 GMT+0700 (Western Indonesia Time)
866,A29305-D.Brown,375,5,,Sat Dec 13 2025 15:08:05 GMT+0700 (Western Indonesia Time),Sat Dec 13 2025 15:08:05 GMT+0700 (Western Indonesia Time)
867,BO10114-Nude,376,5,,Mon Dec 15 2025 08:52:25 GMT+0700 (Western Indonesia Time),Mon Dec 15 2025 08:52:25 GMT+0700 (Western Indonesia Time)
868,K00701-Black,377,5,,Mon Dec 15 2025 08:53:00 GMT+0700 (Western Indonesia Time),Mon Dec 15 2025 08:53:00 GMT+0700 (Western Indonesia Time)
869,A95413-D.Brown,378,5,,Mon Dec 15 2025 14:38:21 GMT+0700 (Western Indonesia Time),Mon Dec 15 2025 14:38:21 GMT+0700 (Western Indonesia Time)
870,A92401-Tan,379,5,,Mon Dec 15 2025 15:21:25 GMT+0700 (Western Indonesia Time),Mon Dec 15 2025 15:21:25 GMT+0700 (Western Indonesia Time)
871,K59211-Black,180,5,,Tue Dec 16 2025 08:13:47 GMT+0700 (Western Indonesia Time),Tue Dec 16 2025 08:13:47 GMT+0700 (Western Indonesia Time)
872,A95414-D.Brown,378,5,,Wed Dec 17 2025 13:33:47 GMT+0700 (Western Indonesia Time),Wed Dec 17 2025 13:33:47 GMT+0700 (Western Indonesia Time)
873,A64605-Camel/Btk,30,5,,Thu Dec 18 2025 08:39:16 GMT+0700 (Western Indonesia Time),Thu Dec 18 2025 08:39:16 GMT+0700 (Western Indonesia Time)
877,A15102-Camel,341,5,,Thu Dec 18 2025 08:48:01 GMT+0700 (Western Indonesia Time),Thu Dec 18 2025 08:48:01 GMT+0700 (Western Indonesia Time)
878,A95201-D.Brown,15,5,,Thu Dec 18 2025 08:48:43 GMT+0700 (Western Indonesia Time),Thu Dec 18 2025 08:48:43 GMT+0700 (Western Indonesia Time)
879,M83246-Black Polos,380,5,,Thu Dec 18 2025 08:54:31 GMT+0700 (Western Indonesia Time),Thu Dec 18 2025 08:54:31 GMT+0700 (Western Indonesia Time)
880,M64140-Black,381,5,,Thu Dec 18 2025 08:55:29 GMT+0700 (Western Indonesia Time),Thu Dec 18 2025 08:55:29 GMT+0700 (Western Indonesia Time)
881,F64140-Tan,381,5,,Thu Dec 18 2025 08:55:55 GMT+0700 (Western Indonesia Time),Thu Dec 18 2025 08:55:55 GMT+0700 (Western Indonesia Time)
882,M64141-Black Polos,382,5,,Thu Dec 18 2025 08:56:47 GMT+0700 (Western Indonesia Time),Thu Dec 18 2025 08:56:47 GMT+0700 (Western Indonesia Time)
883,M64141-Camel Polos,382,5,,Thu Dec 18 2025 08:57:13 GMT+0700 (Western Indonesia Time),Thu Dec 18 2025 08:57:13 GMT+0700 (Western Indonesia Time)
884,M64137-Black Polos,383,5,,Thu Dec 18 2025 08:57:55 GMT+0700 (Western Indonesia Time),Thu Dec 18 2025 08:57:55 GMT+0700 (Western Indonesia Time)
885,M64137-D.Brown Polos,383,5,,Thu Dec 18 2025 08:58:19 GMT+0700 (Western Indonesia Time),Thu Dec 18 2025 08:58:19 GMT+0700 (Western Indonesia Time)
886,M15102-Black,341,5,,Thu Dec 18 2025 09:01:12 GMT+0700 (Western Indonesia Time),Thu Dec 18 2025 09:01:12 GMT+0700 (Western Indonesia Time)
887,F91712-Maroon/D.Brown,20,5,,Thu Dec 18 2025 10:17:47 GMT+0700 (Western Indonesia Time),Thu Dec 18 2025 10:17:47 GMT+0700 (Western Indonesia Time)
888,F15258-Maroon,45,5,,Thu Dec 18 2025 14:13:31 GMT+0700 (Western Indonesia Time),Thu Dec 18 2025 14:13:31 GMT+0700 (Western Indonesia Time)
889,A01402-Coffee/L.Brown,298,5,,Thu Dec 18 2025 15:12:44 GMT+0700 (Western Indonesia Time),Thu Dec 18 2025 15:12:44 GMT+0700 (Western Indonesia Time)
890,A92911-D.Brown/Tan,384,5,,Thu Dec 18 2025 16:03:26 GMT+0700 (Western Indonesia Time),Thu Dec 18 2025 16:03:26 GMT+0700 (Western Indonesia Time)
891,A11509-L.Brown,385,5,,Fri Dec 19 2025 16:00:15 GMT+0700 (Western Indonesia Time),Fri Dec 19 2025 16:00:15 GMT+0700 (Western Indonesia Time)
892,AO11485-Black,41,5,,Sat Dec 20 2025 08:23:24 GMT+0700 (Western Indonesia Time),Sat Dec 20 2025 08:23:24 GMT+0700 (Western Indonesia Time)
893,M20202-Tan,118,5,,Mon Dec 22 2025 10:50:43 GMT+0700 (Western Indonesia Time),Mon Dec 22 2025 10:50:43 GMT+0700 (Western Indonesia Time)
894,BN09301-D.Brown/Black,222,5,,Mon Dec 22 2025 10:51:46 GMT+0700 (Western Indonesia Time),Mon Dec 22 2025 10:51:46 GMT+0700 (Western Indonesia Time)
895,K00407-Maroon,386,5,,Tue Dec 23 2025 16:47:59 GMT+0700 (Western Indonesia Time),Tue Dec 23 2025 16:47:59 GMT+0700 (Western Indonesia Time)
896,A68302-Camel,387,5,,Tue Dec 23 2025 16:48:36 GMT+0700 (Western Indonesia Time),Tue Dec 23 2025 16:48:36 GMT+0700 (Western Indonesia Time)
897,M92213-Tan/D.Brown,272,5,,Wed Dec 24 2025 09:01:48 GMT+0700 (Western Indonesia Time),Wed Dec 24 2025 09:01:48 GMT+0700 (Western Indonesia Time)
898,K26101-Taupe,389,5,,Fri Dec 26 2025 09:14:22 GMT+0700 (Western Indonesia Time),Fri Dec 26 2025 09:14:22 GMT+0700 (Western Indonesia Time)
899,T00901-Blue,390,5,,Fri Dec 26 2025 09:15:02 GMT+0700 (Western Indonesia Time),Fri Dec 26 2025 09:15:02 GMT+0700 (Western Indonesia Time)
900,M15255-D.Brown,303,5,,Sat Dec 27 2025 10:07:12 GMT+0700 (Western Indonesia Time),Sat Dec 27 2025 10:07:12 GMT+0700 (Western Indonesia Time)
901,F15258-Tan,45,5,,Sat Dec 27 2025 10:08:17 GMT+0700 (Western Indonesia Time),Sat Dec 27 2025 10:08:17 GMT+0700 (Western Indonesia Time)
902,F92255-Tan,391,5,,Sat Dec 27 2025 10:19:23 GMT+0700 (Western Indonesia Time),Sat Dec 27 2025 10:19:23 GMT+0700 (Western Indonesia Time)
903,M98206-Black,258,5,,Sat Dec 27 2025 10:22:33 GMT+0700 (Western Indonesia Time),Sat Dec 27 2025 10:22:33 GMT+0700 (Western Indonesia Time)
825,AZ95218-Tan/Tan Btk,193,5,,Wed Nov 12 2025 11:42:15 GMT+0700 (Western Indonesia Time),Thu Feb 12 2026 16:42:15 GMT+0700 (Western Indonesia Time)
791,M92653-Black/Black,357,5,,Thu Oct 30 2025 08:25:07 GMT+0700 (Western Indonesia Time),Sat Feb 21 2026 09:30:31 GMT+0700 (Western Indonesia Time)
904,AZ95931-Tan/D.Brown,324,5,,Sat Dec 27 2025 10:23:38 GMT+0700 (Western Indonesia Time),Sat Dec 27 2025 10:23:38 GMT+0700 (Western Indonesia Time)
905,M64223-Black/D.Brown,392,5,,Sat Dec 27 2025 14:31:14 GMT+0700 (Western Indonesia Time),Sat Dec 27 2025 14:31:14 GMT+0700 (Western Indonesia Time)
906,M64223-D.Brown/Black,392,5,,Sat Dec 27 2025 14:31:40 GMT+0700 (Western Indonesia Time),Sat Dec 27 2025 14:31:40 GMT+0700 (Western Indonesia Time)
907,M64207-Black,393,5,,Sat Dec 27 2025 14:32:01 GMT+0700 (Western Indonesia Time),Sat Dec 27 2025 14:32:01 GMT+0700 (Western Indonesia Time)
908,M64207-D.Brown,393,5,,Sat Dec 27 2025 14:32:18 GMT+0700 (Western Indonesia Time),Sat Dec 27 2025 14:32:18 GMT+0700 (Western Indonesia Time)
909,A45201ST-Black,60,5,,Mon Dec 29 2025 13:39:48 GMT+0700 (Western Indonesia Time),Mon Dec 29 2025 13:39:48 GMT+0700 (Western Indonesia Time)
910,MO11505-Black,65,5,,Tue Dec 30 2025 08:28:04 GMT+0700 (Western Indonesia Time),Tue Dec 30 2025 08:28:04 GMT+0700 (Western Indonesia Time)
911,K65601-Black,394,5,,Tue Dec 30 2025 09:03:55 GMT+0700 (Western Indonesia Time),Tue Dec 30 2025 09:03:55 GMT+0700 (Western Indonesia Time)
912,K65601-D.Brown,394,5,,Tue Dec 30 2025 09:04:15 GMT+0700 (Western Indonesia Time),Tue Dec 30 2025 09:04:15 GMT+0700 (Western Indonesia Time)
913,DN65207-Black/Brown,216,5,,Tue Dec 30 2025 09:04:45 GMT+0700 (Western Indonesia Time),Tue Dec 30 2025 09:04:45 GMT+0700 (Western Indonesia Time)
914,A05208-D.Brown Polos,327,5,,Tue Dec 30 2025 09:05:47 GMT+0700 (Western Indonesia Time),Tue Dec 30 2025 09:05:47 GMT+0700 (Western Indonesia Time)
915,A11223-Camel,2,5,,Tue Dec 30 2025 09:16:42 GMT+0700 (Western Indonesia Time),Tue Dec 30 2025 09:16:42 GMT+0700 (Western Indonesia Time)
916,M13202-Black,197,5,,Tue Dec 30 2025 09:19:07 GMT+0700 (Western Indonesia Time),Tue Dec 30 2025 09:19:07 GMT+0700 (Western Indonesia Time)
917,M15205-Black,217,5,,Tue Dec 30 2025 09:24:10 GMT+0700 (Western Indonesia Time),Tue Dec 30 2025 09:24:10 GMT+0700 (Western Indonesia Time)
771,M45409ST-D.Brown,31,5,,Fri Oct 24 2025 16:30:28 GMT+0700 (Western Indonesia Time),Tue Dec 30 2025 09:26:35 GMT+0700 (Western Indonesia Time)
918,K92216-Black,395,5,,Tue Dec 30 2025 09:31:22 GMT+0700 (Western Indonesia Time),Tue Dec 30 2025 09:31:22 GMT+0700 (Western Indonesia Time)
919,MO11223-D.Brown,2,5,,Tue Dec 30 2025 12:58:43 GMT+0700 (Western Indonesia Time),Tue Dec 30 2025 12:58:43 GMT+0700 (Western Indonesia Time)
920,T59206-Tan,66,5,,Tue Dec 30 2025 15:02:09 GMT+0700 (Western Indonesia Time),Tue Dec 30 2025 15:02:09 GMT+0700 (Western Indonesia Time)
923,A43501-D.Brown,396,5,,Wed Dec 31 2025 15:24:59 GMT+0700 (Western Indonesia Time),Wed Dec 31 2025 15:24:59 GMT+0700 (Western Indonesia Time)
924,A11509-D.Brown,385,5,,Wed Dec 31 2025 15:25:47 GMT+0700 (Western Indonesia Time),Wed Dec 31 2025 15:25:47 GMT+0700 (Western Indonesia Time)
925,K83251-Nuss,278,5,,Sat Jan 03 2026 10:17:48 GMT+0700 (Western Indonesia Time),Sat Jan 03 2026 10:17:48 GMT+0700 (Western Indonesia Time)
926,A11503-Olive,36,5,,Sat Jan 03 2026 10:20:13 GMT+0700 (Western Indonesia Time),Sat Jan 03 2026 10:20:13 GMT+0700 (Western Indonesia Time)
927,K00107-Blue,397,5,,Mon Jan 05 2026 10:41:33 GMT+0700 (Western Indonesia Time),Mon Jan 05 2026 10:41:33 GMT+0700 (Western Indonesia Time)
928,M92305-Black Polos,345,5,,Tue Jan 06 2026 09:07:49 GMT+0700 (Western Indonesia Time),Tue Jan 06 2026 09:07:49 GMT+0700 (Western Indonesia Time)
929,MPT11227-Black,110,5,,Tue Jan 06 2026 09:10:20 GMT+0700 (Western Indonesia Time),Tue Jan 06 2026 09:10:20 GMT+0700 (Western Indonesia Time)
930,M59212-Camel,187,5,,Tue Jan 06 2026 09:11:12 GMT+0700 (Western Indonesia Time),Tue Jan 06 2026 09:11:12 GMT+0700 (Western Indonesia Time)
931,A92634-Tan/Camel,64,5,,Tue Jan 06 2026 09:11:51 GMT+0700 (Western Indonesia Time),Tue Jan 06 2026 09:11:51 GMT+0700 (Western Indonesia Time)
932,M92235-Black/Black Btk,6,5,,Wed Jan 07 2026 11:38:55 GMT+0700 (Western Indonesia Time),Wed Jan 07 2026 11:38:55 GMT+0700 (Western Indonesia Time)
933,C00602-Brown,146,5,,Wed Jan 07 2026 11:42:05 GMT+0700 (Western Indonesia Time),Wed Jan 07 2026 11:42:05 GMT+0700 (Western Indonesia Time)
934,M57603-D.Brown,77,5,,Fri Jan 09 2026 07:51:37 GMT+0700 (Western Indonesia Time),Fri Jan 09 2026 07:51:37 GMT+0700 (Western Indonesia Time)
935,M57201-D.Brown,78,5,,Fri Jan 09 2026 07:51:56 GMT+0700 (Western Indonesia Time),Fri Jan 09 2026 07:51:56 GMT+0700 (Western Indonesia Time)
936,M57602-D.Brown,76,5,,Fri Jan 09 2026 07:52:15 GMT+0700 (Western Indonesia Time),Fri Jan 09 2026 07:52:15 GMT+0700 (Western Indonesia Time)
937,M56102-Tan,54,5,,Fri Jan 09 2026 07:52:33 GMT+0700 (Western Indonesia Time),Fri Jan 09 2026 07:52:33 GMT+0700 (Western Indonesia Time)
938,M56102-D.Brown,54,5,,Fri Jan 09 2026 07:53:03 GMT+0700 (Western Indonesia Time),Fri Jan 09 2026 07:53:03 GMT+0700 (Western Indonesia Time)
939,A92223-Tan,274,5,,Fri Jan 09 2026 08:15:00 GMT+0700 (Western Indonesia Time),Fri Jan 09 2026 08:15:00 GMT+0700 (Western Indonesia Time)
940,A92511-Camel,398,5,,Fri Jan 09 2026 17:07:49 GMT+0700 (Western Indonesia Time),Fri Jan 09 2026 17:07:49 GMT+0700 (Western Indonesia Time)
941,F92823-Tan/D.Brown,399,5,,Sat Jan 10 2026 09:08:48 GMT+0700 (Western Indonesia Time),Sat Jan 10 2026 09:08:48 GMT+0700 (Western Indonesia Time)
942,M28203-Tan,400,5,,Sat Jan 10 2026 10:52:23 GMT+0700 (Western Indonesia Time),Sat Jan 10 2026 10:52:23 GMT+0700 (Western Indonesia Time)
943,M11501-D.Brown/D.Brown,401,5,,Mon Jan 12 2026 16:56:39 GMT+0700 (Western Indonesia Time),Mon Jan 12 2026 16:56:39 GMT+0700 (Western Indonesia Time)
944,MP40202-Tan,402,5,,Mon Jan 12 2026 16:57:22 GMT+0700 (Western Indonesia Time),Mon Jan 12 2026 16:57:22 GMT+0700 (Western Indonesia Time)
945,M92406-Tan,63,5,,Tue Jan 13 2026 15:39:01 GMT+0700 (Western Indonesia Time),Tue Jan 13 2026 15:39:01 GMT+0700 (Western Indonesia Time)
946,F56113-Tan,403,5,,Tue Jan 13 2026 15:47:13 GMT+0700 (Western Indonesia Time),Tue Jan 13 2026 15:47:13 GMT+0700 (Western Indonesia Time)
947,M92207-Black/black,85,5,,Wed Jan 14 2026 08:35:58 GMT+0700 (Western Indonesia Time),Wed Jan 14 2026 08:35:58 GMT+0700 (Western Indonesia Time)
948,MP99201-Maroon/Black,160,5,,Wed Jan 14 2026 13:38:53 GMT+0700 (Western Indonesia Time),Wed Jan 14 2026 13:38:53 GMT+0700 (Western Indonesia Time)
949,DN57603-Camel,77,5,,Wed Jan 14 2026 16:21:48 GMT+0700 (Western Indonesia Time),Wed Jan 14 2026 16:21:48 GMT+0700 (Western Indonesia Time)
950,DN57602-Coffee,76,5,,Wed Jan 14 2026 16:22:48 GMT+0700 (Western Indonesia Time),Wed Jan 14 2026 16:22:48 GMT+0700 (Western Indonesia Time)
951,M92227-Black/Black,44,5,,Thu Jan 15 2026 10:26:01 GMT+0700 (Western Indonesia Time),Thu Jan 15 2026 10:26:01 GMT+0700 (Western Indonesia Time)
953,T45512ST-Tan,366,5,,Thu Jan 15 2026 14:01:47 GMT+0700 (Western Indonesia Time),Thu Jan 15 2026 14:01:47 GMT+0700 (Western Indonesia Time)
954,F98215-Tan,302,5,,Thu Jan 15 2026 16:10:09 GMT+0700 (Western Indonesia Time),Thu Jan 15 2026 16:10:09 GMT+0700 (Western Indonesia Time)
955,B04605-Taupe,404,5,,Sat Jan 17 2026 08:28:06 GMT+0700 (Western Indonesia Time),Sat Jan 17 2026 08:28:06 GMT+0700 (Western Indonesia Time)
956,A92912-Olive,46,5,,Sat Jan 17 2026 08:29:14 GMT+0700 (Western Indonesia Time),Sat Jan 17 2026 08:29:14 GMT+0700 (Western Indonesia Time)
957,S59211-Brown,180,5,,Mon Jan 19 2026 15:31:51 GMT+0700 (Western Indonesia Time),Mon Jan 19 2026 15:31:51 GMT+0700 (Western Indonesia Time)
958,DN65209-Black,405,5,,Mon Jan 19 2026 16:08:48 GMT+0700 (Western Indonesia Time),Mon Jan 19 2026 16:08:48 GMT+0700 (Western Indonesia Time)
959,M92402-Camel/D.Brown,224,5,,Tue Jan 20 2026 08:10:03 GMT+0700 (Western Indonesia Time),Tue Jan 20 2026 08:10:03 GMT+0700 (Western Indonesia Time)
960,AZ95222-Camel/D.Brown,334,5,,Tue Jan 20 2026 14:03:01 GMT+0700 (Western Indonesia Time),Tue Jan 20 2026 14:03:01 GMT+0700 (Western Indonesia Time)
961,MT11259-Tan,406,5,,Tue Jan 20 2026 14:05:21 GMT+0700 (Western Indonesia Time),Tue Jan 20 2026 14:05:21 GMT+0700 (Western Indonesia Time)
962,MT11259-D.Brown,406,5,,Tue Jan 20 2026 14:08:00 GMT+0700 (Western Indonesia Time),Tue Jan 20 2026 14:08:00 GMT+0700 (Western Indonesia Time)
963,M92222-Tan,316,5,,Tue Jan 20 2026 14:17:16 GMT+0700 (Western Indonesia Time),Tue Jan 20 2026 14:17:16 GMT+0700 (Western Indonesia Time)
964,M56110-Tan,407,5,,Tue Jan 20 2026 14:18:48 GMT+0700 (Western Indonesia Time),Tue Jan 20 2026 14:18:48 GMT+0700 (Western Indonesia Time)
965,DO10112-Black,408,5,,Wed Jan 21 2026 13:39:30 GMT+0700 (Western Indonesia Time),Wed Jan 21 2026 13:39:30 GMT+0700 (Western Indonesia Time)
967,P93501-Tan,409,5,,Wed Jan 21 2026 16:53:25 GMT+0700 (Western Indonesia Time),Wed Jan 21 2026 16:53:25 GMT+0700 (Western Indonesia Time)
968,F14207-Tan,292,5,,Fri Jan 23 2026 07:55:27 GMT+0700 (Western Indonesia Time),Fri Jan 23 2026 07:55:27 GMT+0700 (Western Indonesia Time)
969,M47403-Black,410,5,,Fri Jan 23 2026 07:59:33 GMT+0700 (Western Indonesia Time),Fri Jan 23 2026 07:59:33 GMT+0700 (Western Indonesia Time)
970,DN57602-Brown,76,5,,Fri Jan 23 2026 08:02:27 GMT+0700 (Western Indonesia Time),Fri Jan 23 2026 08:02:27 GMT+0700 (Western Indonesia Time)
971,F15610-Tan/Tan,202,5,,Fri Jan 23 2026 08:03:47 GMT+0700 (Western Indonesia Time),Fri Jan 23 2026 08:03:47 GMT+0700 (Western Indonesia Time)
972,M15210-Black,411,5,,Fri Jan 23 2026 08:07:24 GMT+0700 (Western Indonesia Time),Fri Jan 23 2026 08:07:24 GMT+0700 (Western Indonesia Time)
973,M64139-Black,220,5,,Fri Jan 23 2026 08:11:20 GMT+0700 (Western Indonesia Time),Fri Jan 23 2026 08:11:20 GMT+0700 (Western Indonesia Time)
974,T97403-Tan,412,5,,Sat Jan 24 2026 08:18:20 GMT+0700 (Western Indonesia Time),Sat Jan 24 2026 08:18:20 GMT+0700 (Western Indonesia Time)
975,K00107-Black,397,5,,Sat Jan 24 2026 09:51:17 GMT+0700 (Western Indonesia Time),Sat Jan 24 2026 09:51:17 GMT+0700 (Western Indonesia Time)
976,M57603-Black,77,5,,Tue Jan 27 2026 13:36:16 GMT+0700 (Western Indonesia Time),Tue Jan 27 2026 13:36:16 GMT+0700 (Western Indonesia Time)
977,M57602-Black,76,5,,Tue Jan 27 2026 13:36:35 GMT+0700 (Western Indonesia Time),Tue Jan 27 2026 13:36:35 GMT+0700 (Western Indonesia Time)
978,K91712-Brown,20,5,,Wed Jan 28 2026 08:35:43 GMT+0700 (Western Indonesia Time),Wed Jan 28 2026 08:35:43 GMT+0700 (Western Indonesia Time)
979,B00401-Red,88,5,,Wed Jan 28 2026 09:39:03 GMT+0700 (Western Indonesia Time),Wed Jan 28 2026 09:39:03 GMT+0700 (Western Indonesia Time)
980,TN04602-Maroon/Tan,17,5,,Thu Jan 29 2026 09:32:46 GMT+0700 (Western Indonesia Time),Thu Jan 29 2026 09:32:46 GMT+0700 (Western Indonesia Time)
981,M56113-Black,403,5,,Thu Jan 29 2026 13:13:50 GMT+0700 (Western Indonesia Time),Thu Jan 29 2026 13:13:50 GMT+0700 (Western Indonesia Time)
982,K92402-D.Brown/Black,224,5,,Fri Jan 30 2026 08:52:02 GMT+0700 (Western Indonesia Time),Fri Jan 30 2026 09:28:26 GMT+0700 (Western Indonesia Time)
983,T05601-Tan/Brown,413,5,,Fri Jan 30 2026 14:39:06 GMT+0700 (Western Indonesia Time),Fri Jan 30 2026 14:39:06 GMT+0700 (Western Indonesia Time)
984,T97304-Tan,414,5,,Fri Jan 30 2026 15:17:50 GMT+0700 (Western Indonesia Time),Fri Jan 30 2026 15:17:50 GMT+0700 (Western Indonesia Time)
985,K68209-Black,415,5,,Fri Jan 30 2026 16:05:42 GMT+0700 (Western Indonesia Time),Fri Jan 30 2026 16:05:42 GMT+0700 (Western Indonesia Time)
986,K68208-Black,416,5,,Fri Jan 30 2026 16:06:08 GMT+0700 (Western Indonesia Time),Fri Jan 30 2026 16:06:08 GMT+0700 (Western Indonesia Time)
987,M11502-Tan Polos,5,5,,Fri Jan 30 2026 16:15:01 GMT+0700 (Western Indonesia Time),Fri Jan 30 2026 16:15:01 GMT+0700 (Western Indonesia Time)
988,AX64602-Olive,11,5,,Fri Jan 30 2026 16:33:52 GMT+0700 (Western Indonesia Time),Fri Jan 30 2026 16:33:52 GMT+0700 (Western Indonesia Time)
989,F65116-Tan/D.Brown,53,5,,Fri Jan 30 2026 16:35:20 GMT+0700 (Western Indonesia Time),Fri Jan 30 2026 16:35:20 GMT+0700 (Western Indonesia Time)
990,M56101-Tan,214,5,,Fri Jan 30 2026 16:36:26 GMT+0700 (Western Indonesia Time),Fri Jan 30 2026 16:36:26 GMT+0700 (Western Indonesia Time)
991,M59209-Camel,67,5,,Fri Jan 30 2026 16:40:23 GMT+0700 (Western Indonesia Time),Fri Jan 30 2026 16:40:23 GMT+0700 (Western Indonesia Time)
992,M64217-D.Brown,166,5,,Fri Jan 30 2026 16:40:53 GMT+0700 (Western Indonesia Time),Fri Jan 30 2026 16:40:53 GMT+0700 (Western Indonesia Time)
993,B00606-Camel,130,5,,Sat Jan 31 2026 09:10:34 GMT+0700 (Western Indonesia Time),Sat Jan 31 2026 09:10:34 GMT+0700 (Western Indonesia Time)
994,A92634-L.Brown/Maroon,64,5,,Sat Jan 31 2026 09:17:03 GMT+0700 (Western Indonesia Time),Sat Jan 31 2026 09:17:03 GMT+0700 (Western Indonesia Time)
797,A18301-Tan/Brown,159,5,,Mon Nov 03 2025 13:26:06 GMT+0700 (Western Indonesia Time),Sat Jan 31 2026 09:20:03 GMT+0700 (Western Indonesia Time)
995,MP41203-Maroon,97,5,,Mon Feb 02 2026 10:27:45 GMT+0700 (Western Indonesia Time),Mon Feb 02 2026 10:27:45 GMT+0700 (Western Indonesia Time)
996,A45420ST-Tan,417,5,,Mon Feb 02 2026 10:33:02 GMT+0700 (Western Indonesia Time),Mon Feb 02 2026 10:34:35 GMT+0700 (Western Indonesia Time)
997,A92505-Camel,183,5,,Mon Feb 02 2026 10:38:37 GMT+0700 (Western Indonesia Time),Mon Feb 02 2026 10:38:37 GMT+0700 (Western Indonesia Time)
998,AZ95412-D.Brown/BTK,105,5,,Wed Feb 04 2026 08:50:17 GMT+0700 (Western Indonesia Time),Wed Feb 04 2026 08:50:17 GMT+0700 (Western Indonesia Time)
999,M92823-Black/Black,399,5,,Wed Feb 04 2026 08:58:33 GMT+0700 (Western Indonesia Time),Wed Feb 04 2026 08:58:33 GMT+0700 (Western Indonesia Time)
1000,M95220-Black,418,5,,Wed Feb 04 2026 09:05:03 GMT+0700 (Western Indonesia Time),Wed Feb 04 2026 09:05:03 GMT+0700 (Western Indonesia Time)
1001,A92228-D.Brown,419,5,,Wed Feb 04 2026 09:07:29 GMT+0700 (Western Indonesia Time),Wed Feb 04 2026 09:07:29 GMT+0700 (Western Indonesia Time)
1002,C56601-Black,27,5,,Thu Feb 05 2026 08:01:42 GMT+0700 (Western Indonesia Time),Thu Feb 05 2026 08:01:42 GMT+0700 (Western Indonesia Time)
1003,B00605-L.Brown,356,5,,Thu Feb 05 2026 08:03:35 GMT+0700 (Western Indonesia Time),Thu Feb 05 2026 08:03:35 GMT+0700 (Western Indonesia Time)
1004,MX85408-Tan,420,5,,Mon Feb 09 2026 10:55:54 GMT+0700 (Western Indonesia Time),Mon Feb 09 2026 10:55:54 GMT+0700 (Western Indonesia Time)
1005,B00405-Tan,21,5,,Mon Feb 09 2026 12:03:36 GMT+0700 (Western Indonesia Time),Mon Feb 09 2026 12:03:36 GMT+0700 (Western Indonesia Time)
1006,C92451-Maroon/Black,421,5,,Tue Feb 10 2026 08:32:38 GMT+0700 (Western Indonesia Time),Tue Feb 10 2026 08:32:38 GMT+0700 (Western Indonesia Time)
1007,A95222-Camel/D.Brown,334,5,,Thu Feb 12 2026 16:00:37 GMT+0700 (Western Indonesia Time),Thu Feb 12 2026 16:00:37 GMT+0700 (Western Indonesia Time)
1008,A65207-D.Brown,216,5,,Thu Feb 12 2026 16:41:47 GMT+0700 (Western Indonesia Time),Thu Feb 12 2026 16:41:47 GMT+0700 (Western Indonesia Time)
1009,MP41401-Tan,59,5,,Fri Feb 13 2026 08:39:59 GMT+0700 (Western Indonesia Time),Fri Feb 13 2026 08:39:59 GMT+0700 (Western Indonesia Time)
1010,T45512ST-Black,366,5,,Fri Feb 13 2026 08:42:41 GMT+0700 (Western Indonesia Time),Fri Feb 13 2026 08:42:41 GMT+0700 (Western Indonesia Time)
1011,M59210-Black,326,5,,Fri Feb 13 2026 10:51:28 GMT+0700 (Western Indonesia Time),Fri Feb 13 2026 10:51:28 GMT+0700 (Western Indonesia Time)
1012,M17214-Black,162,5,,Mon Feb 16 2026 09:26:01 GMT+0700 (Western Indonesia Time),Mon Feb 16 2026 09:26:01 GMT+0700 (Western Indonesia Time)
1013,M59113-Black,422,5,,Thu Feb 19 2026 14:17:49 GMT+0700 (Western Indonesia Time),Thu Feb 19 2026 14:17:49 GMT+0700 (Western Indonesia Time)
1014,M93202-Black,333,5,,Thu Feb 19 2026 14:22:13 GMT+0700 (Western Indonesia Time),Thu Feb 19 2026 14:22:52 GMT+0700 (Western Indonesia Time)
1015,F64605-Tan/Tan Btk,30,5,,Fri Feb 20 2026 08:56:25 GMT+0700 (Western Indonesia Time),Fri Feb 20 2026 08:56:25 GMT+0700 (Western Indonesia Time)
1016,M64605-Black/Black,30,5,,Fri Feb 20 2026 08:57:40 GMT+0700 (Western Indonesia Time),Fri Feb 20 2026 08:57:40 GMT+0700 (Western Indonesia Time)
1017,M56107-Black/Black,423,5,,Fri Feb 20 2026 09:15:43 GMT+0700 (Western Indonesia Time),Fri Feb 20 2026 09:15:43 GMT+0700 (Western Indonesia Time)
1018,A56202-L.Brown/D.Brown,424,5,,Fri Feb 20 2026 09:18:09 GMT+0700 (Western Indonesia Time),Fri Feb 20 2026 09:18:09 GMT+0700 (Western Indonesia Time)
1019,DN64137-Coffee,383,5,,Fri Feb 20 2026 09:18:43 GMT+0700 (Western Indonesia Time),Fri Feb 20 2026 09:18:43 GMT+0700 (Western Indonesia Time)
1020,DN64207-Black,393,5,,Fri Feb 20 2026 09:19:18 GMT+0700 (Western Indonesia Time),Fri Feb 20 2026 09:19:18 GMT+0700 (Western Indonesia Time)
1021,DN57105-Camel,74,5,,Fri Feb 20 2026 09:19:52 GMT+0700 (Western Indonesia Time),Fri Feb 20 2026 09:19:52 GMT+0700 (Western Indonesia Time)
1022,A56202-D.Brown/L.Brown,424,5,,Fri Feb 20 2026 09:22:23 GMT+0700 (Western Indonesia Time),Fri Feb 20 2026 09:22:23 GMT+0700 (Western Indonesia Time)
1023,MP92309-Tan/Brown,425,5,,Fri Feb 20 2026 09:23:23 GMT+0700 (Western Indonesia Time),Fri Feb 20 2026 09:23:23 GMT+0700 (Western Indonesia Time)
1024,K59601-D.Brown,148,5,,Mon Feb 23 2026 11:39:33 GMT+0700 (Western Indonesia Time),Mon Feb 23 2026 11:39:33 GMT+0700 (Western Indonesia Time)
1025,F65112-Tan/D.Brown,210,5,,Mon Feb 23 2026 11:42:23 GMT+0700 (Western Indonesia Time),Mon Feb 23 2026 11:42:23 GMT+0700 (Western Indonesia Time)
1026,K65107-Black,95,5,,Tue Feb 24 2026 15:12:26 GMT+0700 (Western Indonesia Time),Tue Feb 24 2026 15:12:26 GMT+0700 (Western Indonesia Time)
1027,A45420ST-Camel,417,5,,Wed Feb 25 2026 09:08:44 GMT+0700 (Western Indonesia Time),Wed Feb 25 2026 09:08:44 GMT+0700 (Western Indonesia Time)
1028,M65112-Black,210,5,,Wed Feb 25 2026 09:17:47 GMT+0700 (Western Indonesia Time),Wed Feb 25 2026 09:17:47 GMT+0700 (Western Indonesia Time)
1029,K00402-Red,426,5,,Thu Feb 26 2026 10:42:57 GMT+0700 (Western Indonesia Time),Thu Feb 26 2026 10:42:57 GMT+0700 (Western Indonesia Time)
1030,A28703-Tan,427,5,,Fri Feb 27 2026 14:28:45 GMT+0700 (Western Indonesia Time),Fri Feb 27 2026 14:28:45 GMT+0700 (Western Indonesia Time)
1031,K00404-Maroon,363,5,,Sat Feb 28 2026 08:13:20 GMT+0700 (Western Indonesia Time),Sat Feb 28 2026 08:13:20 GMT+0700 (Western Indonesia Time)
1032,M94304-Black,428,5,,Sat Feb 28 2026 08:32:33 GMT+0700 (Western Indonesia Time),Sat Feb 28 2026 08:32:33 GMT+0700 (Western Indonesia Time)
1034,A41202-Tan Polos,257,5,,Sat Feb 28 2026 10:26:47 GMT+0700 (Western Indonesia Time),Sat Feb 28 2026 10:26:47 GMT+0700 (Western Indonesia Time)
1035,A41202-Black Polos,257,5,,Sat Feb 28 2026 10:27:01 GMT+0700 (Western Indonesia Time),Sat Feb 28 2026 10:27:01 GMT+0700 (Western Indonesia Time)
1033,F94304-Tan,428,5,,Sat Feb 28 2026 10:25:50 GMT+0700 (Western Indonesia Time),Sat Feb 28 2026 10:47:13 GMT+0700 (Western Indonesia Time)
1036,M02201-Black,13,5,,Sat Feb 28 2026 14:04:06 GMT+0700 (Western Indonesia Time),Sat Feb 28 2026 14:04:06 GMT+0700 (Western Indonesia Time)
1038,A01401-D.Brown,355,5,,Mon Mar 02 2026 14:22:28 GMT+0700 (Western Indonesia Time),Mon Mar 02 2026 14:22:28 GMT+0700 (Western Indonesia Time)
1039,M18201-Tan,430,5,,Mon Mar 02 2026 15:49:00 GMT+0700 (Western Indonesia Time),Mon Mar 02 2026 15:49:00 GMT+0700 (Western Indonesia Time)
1040,MP11508-D.Brown,24,5,,Mon Mar 02 2026 15:52:39 GMT+0700 (Western Indonesia Time),Mon Mar 02 2026 15:52:39 GMT+0700 (Western Indonesia Time)
1041,M56111-Tan,431,5,,Tue Mar 03 2026 08:43:25 GMT+0700 (Western Indonesia Time),Tue Mar 03 2026 08:43:25 GMT+0700 (Western Indonesia Time)
1042,M59122-Black,285,5,,Wed Mar 04 2026 08:44:36 GMT+0700 (Western Indonesia Time),Wed Mar 04 2026 08:44:36 GMT+0700 (Western Indonesia Time)
1043,F92635-Brown,84,5,,Wed Mar 04 2026 14:34:28 GMT+0700 (Western Indonesia Time),Wed Mar 04 2026 14:34:28 GMT+0700 (Western Indonesia Time)
1044,T97402-Tan,206,5,,Wed Mar 04 2026 14:39:31 GMT+0700 (Western Indonesia Time),Wed Mar 04 2026 14:39:31 GMT+0700 (Western Indonesia Time)
1045,M59128-Black,137,5,,Thu Mar 05 2026 08:29:52 GMT+0700 (Western Indonesia Time),Thu Mar 05 2026 08:29:52 GMT+0700 (Western Indonesia Time)
1046,M39201-D.Brown,432,5,,Fri Mar 06 2026 09:44:12 GMT+0700 (Western Indonesia Time),Fri Mar 06 2026 09:44:12 GMT+0700 (Western Indonesia Time)
1047,AT11252-Black,108,5,,Fri Mar 06 2026 09:45:22 GMT+0700 (Western Indonesia Time),Fri Mar 06 2026 09:45:22 GMT+0700 (Western Indonesia Time)
1048,A92226-L.Brown,62,5,,Fri Mar 06 2026 09:46:54 GMT+0700 (Western Indonesia Time),Fri Mar 06 2026 09:46:54 GMT+0700 (Western Indonesia Time)
1049,FP65202-Black/Black,209,5,,Fri Mar 06 2026 10:06:15 GMT+0700 (Western Indonesia Time),Fri Mar 06 2026 10:06:15 GMT+0700 (Western Indonesia Time)
1050,M59217-Brown,433,5,,Mon Mar 09 2026 16:50:35 GMT+0700 (Western Indonesia Time),Mon Mar 09 2026 16:50:35 GMT+0700 (Western Indonesia Time)
1051,F65112-Brown,210,5,,Wed Mar 11 2026 13:31:18 GMT+0700 (Western Indonesia Time),Wed Mar 11 2026 13:31:18 GMT+0700 (Western Indonesia Time)
1052,A59115-D.Brown,434,5,,Wed Mar 11 2026 13:31:48 GMT+0700 (Western Indonesia Time),Wed Mar 11 2026 13:31:48 GMT+0700 (Western Indonesia Time)
1053,A92232-Tan,201,5,,Wed Mar 11 2026 13:34:13 GMT+0700 (Western Indonesia Time),Wed Mar 11 2026 13:34:13 GMT+0700 (Western Indonesia Time)
1054,M83260-Nuss,120,5,,Wed Mar 11 2026 13:39:18 GMT+0700 (Western Indonesia Time),Wed Mar 11 2026 13:39:18 GMT+0700 (Western Indonesia Time)
1055,M56601-D.Brown,27,5,,Wed Mar 11 2026 16:03:29 GMT+0700 (Western Indonesia Time),Wed Mar 11 2026 16:03:29 GMT+0700 (Western Indonesia Time)
1056,T97202-Maroon,435,5,,Thu Mar 12 2026 16:09:18 GMT+0700 (Western Indonesia Time),Thu Mar 12 2026 16:09:18 GMT+0700 (Western Indonesia Time)
1057,B03304-Black,141,5,,Thu Mar 12 2026 16:13:18 GMT+0700 (Western Indonesia Time),Thu Mar 12 2026 16:13:18 GMT+0700 (Western Indonesia Time)
1058,M45512ST-Black,366,5,,Thu Mar 12 2026 16:14:26 GMT+0700 (Western Indonesia Time),Thu Mar 12 2026 16:14:26 GMT+0700 (Western Indonesia Time)
1059,K92207-Black,85,5,,Fri Mar 13 2026 09:11:56 GMT+0700 (Western Indonesia Time),Fri Mar 13 2026 09:11:56 GMT+0700 (Western Indonesia Time)
1060,BN10402-Coffee/Black/Brown,83,5,,Sat Mar 14 2026 14:52:35 GMT+0700 (Western Indonesia Time),Sat Mar 14 2026 14:52:35 GMT+0700 (Western Indonesia Time)
1061,A92213-Tan/D.Brown,272,5,,Mon Mar 16 2026 09:37:22 GMT+0700 (Western Indonesia Time),Mon Mar 16 2026 09:37:22 GMT+0700 (Western Indonesia Time)
1062,K01903-D.Brown,437,5,,Mon Mar 16 2026 09:40:18 GMT+0700 (Western Indonesia Time),Mon Mar 16 2026 09:40:18 GMT+0700 (Western Indonesia Time)
1063,CO11885-Black,297,5,,Mon Mar 16 2026 09:42:40 GMT+0700 (Western Indonesia Time),Mon Mar 16 2026 09:42:40 GMT+0700 (Western Indonesia Time)
1064,K00303-Black,438,5,,Mon Mar 16 2026 13:39:22 GMT+0700 (Western Indonesia Time),Mon Mar 16 2026 13:39:22 GMT+0700 (Western Indonesia Time)
1065,A64221-D.Brown,26,5,,Tue Mar 17 2026 08:17:01 GMT+0700 (Western Indonesia Time),Tue Mar 17 2026 08:17:01 GMT+0700 (Western Indonesia Time)
499,A46401-D.Brown,275,5,,Mon Jul 28 2025 13:26:39 GMT+0700 (Western Indonesia Time),Thu Mar 26 2026 10:30:44 GMT+0700 (Western Indonesia Time)
1066,A46401ST-D.Brown,42,5,,Thu Mar 26 2026 10:31:11 GMT+0700 (Western Indonesia Time),Thu Mar 26 2026 10:31:11 GMT+0700 (Western Indonesia Time)
1067,K71118-Black,439,5,,Thu Mar 26 2026 13:51:52 GMT+0700 (Western Indonesia Time),Thu Mar 26 2026 13:51:52 GMT+0700 (Western Indonesia Time)
1068,K68206-Black,440,5,,Thu Mar 26 2026 14:57:56 GMT+0700 (Western Indonesia Time),Thu Mar 26 2026 14:57:56 GMT+0700 (Western Indonesia Time)
1069,B03305-L.Brown,368,5,,Mon Mar 30 2026 10:35:31 GMT+0700 (Western Indonesia Time),Mon Mar 30 2026 10:35:31 GMT+0700 (Western Indonesia Time)
1070,MP15610-Maroon,202,5,,Mon Mar 30 2026 10:36:35 GMT+0700 (Western Indonesia Time),Mon Mar 30 2026 10:36:35 GMT+0700 (Western Indonesia Time)
1071,K00407-Black,386,5,,Tue Mar 31 2026 08:25:09 GMT+0700 (Western Indonesia Time),Tue Mar 31 2026 08:25:09 GMT+0700 (Western Indonesia Time)
1072,K02206-Black,441,5,,Tue Mar 31 2026 08:25:41 GMT+0700 (Western Indonesia Time),Tue Mar 31 2026 08:25:41 GMT+0700 (Western Indonesia Time)
1073,T00901-Grey,390,5,,Tue Mar 31 2026 08:27:09 GMT+0700 (Western Indonesia Time),Tue Mar 31 2026 08:27:09 GMT+0700 (Western Indonesia Time)
1074,A02902-Tan,248,5,,Tue Mar 31 2026 08:29:00 GMT+0700 (Western Indonesia Time),Tue Mar 31 2026 08:29:00 GMT+0700 (Western Indonesia Time)
1075,M92216-Black,395,5,,Tue Mar 31 2026 14:17:40 GMT+0700 (Western Indonesia Time),Tue Mar 31 2026 14:17:40 GMT+0700 (Western Indonesia Time)
1076,A11888-D.Brown,4,5,,Wed Apr 01 2026 11:36:22 GMT+0700 (Western Indonesia Time),Wed Apr 01 2026 11:36:22 GMT+0700 (Western Indonesia Time)
1077,M92250-D.Brown,35,5,,Thu Apr 02 2026 12:57:16 GMT+0700 (Western Indonesia Time),Thu Apr 02 2026 12:57:16 GMT+0700 (Western Indonesia Time)
1078,A92515-D.Brown/D.Brown,173,5,,Sat Apr 04 2026 08:49:38 GMT+0700 (Western Indonesia Time),Sat Apr 04 2026 08:49:38 GMT+0700 (Western Indonesia Time)
1079,A92518-D.Brown/D.Brown,173,5,,Sat Apr 04 2026 08:50:33 GMT+0700 (Western Indonesia Time),Sat Apr 04 2026 08:50:33 GMT+0700 (Western Indonesia Time)